17,0000017-Berenson1961
2,0000002-Berenson1961
3,0000003-Berenson1961
4,0000004-Berenson1961
1,0000001-Berenson1961
5,0000005-Berenson1961
6,0000006-Berenson1961
7,0000007-Berenson1961
8,0000008-Berenson1961
9,0000009-Berenson1961
10,0000010-Berenson1961
275A,000275A-Berenson1961
12,0000012-Berenson1961
13,0000013-Berenson1961
14,0000014-Berenson1961
15,0000015-Berenson1961
15A,000015A-Berenson1961
18,0000018-Berenson1961
1006,0001006-Berenson1961
20,0000020-Berenson1961
15B,000015B-Berenson1961
463A,000463A-Berenson1961
141A,000141A-Berenson1961
141B,000141B-Berenson1961
160,0000160-Berenson1961
160A,000160A-Berenson1961
161,0000161-Berenson1961
55A,000055A-Berenson1961
55H,000055H-Berenson1961
159A1,00159A1-Berenson1961
141H,000141H-Berenson1961
142,0000142-Berenson1961
142A,000142A-Berenson1961
143,0000143-Berenson1961
144,0000144-Berenson1961
145,0000145-Berenson1961
146,0000146-Berenson1961
,0000000-Berenson1961
148,0000148-Berenson1961
149,0000149-Berenson1961
150,0000150-Berenson1961
150A,000150A-Berenson1961
151,0000151-Berenson1961
152,0000152-Berenson1961
153,0000153-Berenson1961
153A,000153A-Berenson1961
,0000000-Berenson1961
155,0000155-Berenson1961
,0000000-Berenson1961
157,0000157-Berenson1961
157A,000157A-Berenson1961
158,0000158-Berenson1961
158A,000158A-Berenson1961
158B,000158B-Berenson1961
158C,000158C-Berenson1961
159,0000159-Berenson1961
159A,000159A-Berenson1961
159A2,00159A2-Berenson1961
55B,000055B-Berenson1961
55G,000055G-Berenson1961
56,0000056-Berenson1961
129B,000129B-Berenson1961
141C,000141C-Berenson1961
141C1,00141C1-Berenson1961
159E,000159E-Berenson1961
161A1,00161A1-Berenson1961
56A,000056A-Berenson1961
108A,000108A-Berenson1961
108C,000108C-Berenson1961
109A,000109A-Berenson1961
109B,000109B-Berenson1961
110B,000110B-Berenson1961
110C,000110C-Berenson1961
110D,000110D-Berenson1961
110E,000110E-Berenson1961
110F,000110F-Berenson1961
110G,000110G-Berenson1961
110I,000110I-Berenson1961
110J,000110J-Berenson1961
110K,000110K-Berenson1961
113A,000113A-Berenson1961
747A,000747A-Berenson1961
113B,000113B-Berenson1961
113C,000113C-Berenson1961
115A,000115A-Berenson1961
115B,000115B-Berenson1961
117A,000117A-Berenson1961
117B,000117B-Berenson1961
118A,000118A-Berenson1961
118B,000118B-Berenson1961
118C,000118C-Berenson1961
118D,000118D-Berenson1961
119A,000119A-Berenson1961
119B,000119B-Berenson1961
119C,000119C-Berenson1961
119D,000119D-Berenson1961
86,0000086-Berenson1961
87,0000087-Berenson1961
88,0000088-Berenson1961
89,0000089-Berenson1961
90,0000090-Berenson1961
91,0000091-Berenson1961
92,0000092-Berenson1961
93,0000093-Berenson1961
94,0000094-Berenson1961
95,0000095-Berenson1961
96,0000096-Berenson1961
97,0000097-Berenson1961
98,0000098-Berenson1961
99,0000099-Berenson1961
100,0000100-Berenson1961
101,0000101-Berenson1961
102,0000102-Berenson1961
103,0000103-Berenson1961
104,0000104-Berenson1961
105,0000105-Berenson1961
106,0000106-Berenson1961
107,0000107-Berenson1961
108,0000108-Berenson1961
108B,000108B-Berenson1961
109,0000109-Berenson1961
110,0000110-Berenson1961
110A,000110A-Berenson1961
110H,000110H-Berenson1961
111,0000111-Berenson1961
112,0000112-Berenson1961
113,0000113-Berenson1961
113E,000113E-Berenson1961
114,0000114-Berenson1961
115,0000115-Berenson1961
116,0000116-Berenson1961
117,0000117-Berenson1961
118,0000118-Berenson1961
119,0000119-Berenson1961
120,0000120-Berenson1961
120A,000120A-Berenson1961
121,0000121-Berenson1961
122,0000122-Berenson1961
123,0000123-Berenson1961
124,0000124-Berenson1961
125,0000125-Berenson1961
126,0000126-Berenson1961
127,0000127-Berenson1961
128,0000128-Berenson1961
128A,000128A-Berenson1961
129,0000129-Berenson1961
141D,000141D-Berenson1961
159C,000159C-Berenson1961
159D,000159D-Berenson1961
55F,000055F-Berenson1961
55C,000055C-Berenson1961
138B,000138B-Berenson1961
130,0000130-Berenson1961
131,0000131-Berenson1961
132,0000132-Berenson1961
133,0000133-Berenson1961
134,0000134-Berenson1961
135,0000135-Berenson1961
136,0000136-Berenson1961
138,0000138-Berenson1961
138A,000138A-Berenson1961
140,0000140-Berenson1961
140A1,00140A1-Berenson1961
140B,000140B-Berenson1961
141G,000141G-Berenson1961
159B,000159B-Berenson1961
141E,000141E-Berenson1961
55D,000055D-Berenson1961
129C,000129C-Berenson1961
141F,000141F-Berenson1961
178,0000178-Berenson1961
178A,000178A-Berenson1961
179,0000179-Berenson1961
164B,000164B-Berenson1961
177,0000177-Berenson1961
175B,000175B-Berenson1961
175C,000175C-Berenson1961
165,0000165-Berenson1961
165A,000165A-Berenson1961
166,0000166-Berenson1961
167,0000167-Berenson1961
169,0000169-Berenson1961
,0000000-Berenson1961
172,0000172-Berenson1961
173,0000173-Berenson1961
173A,000173A-Berenson1961
174,0000174-Berenson1961
175,0000175-Berenson1961
175A,000175A-Berenson1961
176B,000176B-Berenson1961
177C,000177C-Berenson1961
177B,000177B-Berenson1961
161A2,00161A2-Berenson1961
162,0000162-Berenson1961
163,0000163-Berenson1961
164C,000164C-Berenson1961
176,0000176-Berenson1961
176A,000176A-Berenson1961
176A1,00176A1-Berenson1961
164D,000164D-Berenson1961
177A,000177A-Berenson1961
,0000000-Berenson1961
186,0000186-Berenson1961
187,0000187-Berenson1961
188,0000188-Berenson1961
180,0000180-Berenson1961
180A,000180A-Berenson1961
181,0000181-Berenson1961
182,0000182-Berenson1961
182A,000182A-Berenson1961
183A,000183A-Berenson1961
183,0000183-Berenson1961
184,0000184-Berenson1961
185,0000185-Berenson1961
203F,000203F-Berenson1961
203E,000203E-Berenson1961
203E1,00203E1-Berenson1961
196E,000196E-Berenson1961
196F,000196F-Berenson1961
203D,000203D-Berenson1961
190,0000190-Berenson1961
191,0000191-Berenson1961
192,0000192-Berenson1961
193,0000193-Berenson1961
194,0000194-Berenson1961
195,0000195-Berenson1961
196,0000196-Berenson1961
196A,000196A-Berenson1961
196B,000196B-Berenson1961
196G,000196G-Berenson1961
197,0000197-Berenson1961
198.199,198.199-Berenson1961
200,0000200-Berenson1961
200A,000200A-Berenson1961
200B,000200B-Berenson1961
201,0000201-Berenson1961
203,0000203-Berenson1961
203A,000203A-Berenson1961
203B,000203B-Berenson1961
196C,000196C-Berenson1961
196D,000196D-Berenson1961
203C,000203C-Berenson1961
203D1,00203D1-Berenson1961
203G,000203G-Berenson1961
41B,000041B-Berenson1961
41A,000041A-Berenson1961
21,0000021-Berenson1961
41,0000041-Berenson1961
22,0000022-Berenson1961
24,0000024-Berenson1961
25,0000025-Berenson1961
26,0000026-Berenson1961
27,0000027-Berenson1961
28,0000028-Berenson1961
29,0000029-Berenson1961
30,0000030-Berenson1961
31,0000031-Berenson1961
32,0000032-Berenson1961
33,0000033-Berenson1961
34,0000034-Berenson1961
35,0000035-Berenson1961
36,0000036-Berenson1961
36A,000036A-Berenson1961
37,0000037-Berenson1961
37A,000037A-Berenson1961
37B,000037B-Berenson1961
39,0000039-Berenson1961
39A,000039A-Berenson1961
40A,000040A-Berenson1961
20A,000020A-Berenson1961
,0000000-Berenson1961
510,0000510-Berenson1961
511,0000511-Berenson1961
,0000000-Berenson1961
511B,000511B-Berenson1961
219C,000219C-Berenson1961
203M,000203M-Berenson1961
203N,000203N-Berenson1961
214,0000214-Berenson1961
215,0000215-Berenson1961
216,0000216-Berenson1961
217,0000217-Berenson1961
,0000000-Berenson1961
219,0000219-Berenson1961
219E,000219E-Berenson1961
393,0000393-Berenson1961
,0000000-Berenson1961
395,0000395-Berenson1961
396,0000396-Berenson1961
397,0000397-Berenson1961
398,0000398-Berenson1961
,0000000-Berenson1961
459I,000459I-Berenson1961
463B,000463B-Berenson1961
464,0000464-Berenson1961
464A,000464A-Berenson1961
465,0000465-Berenson1961
466,0000466-Berenson1961
467,0000467-Berenson1961
468,0000468-Berenson1961
469,0000469-Berenson1961
470,0000470-Berenson1961
471,0000471-Berenson1961
472,0000472-Berenson1961
473,0000473-Berenson1961
474,0000474-Berenson1961
475,0000475-Berenson1961
476,0000476-Berenson1961
477,0000477-Berenson1961
478,0000478-Berenson1961
480,0000480-Berenson1961
480A,000480A-Berenson1961
481,0000481-Berenson1961
482,0000482-Berenson1961
482A,000482A-Berenson1961
483,0000483-Berenson1961
483A,000483A-Berenson1961
483B,000483B-Berenson1961
484,0000484-Berenson1961
484A,000484A-Berenson1961
484B,000484B-Berenson1961
484C,000484C-Berenson1961
484D,000484D-Berenson1961
484E,000484E-Berenson1961
485,0000485-Berenson1961
486,0000486-Berenson1961
487,0000487-Berenson1961
488,0000488-Berenson1961
489,0000489-Berenson1961
490,0000490-Berenson1961
490A,000490A-Berenson1961
490B,000490B-Berenson1961
491,0000491-Berenson1961
492,0000492-Berenson1961
493,0000493-Berenson1961
,0000000-Berenson1961
,0000000-Berenson1961
,0000000-Berenson1961
,0000000-Berenson1961
,0000000-Berenson1961
,0000000-Berenson1961
,0000000-Berenson1961
,0000000-Berenson1961
,0000000-Berenson1961
,0000000-Berenson1961
,0000000-Berenson1961
,0000000-Berenson1961
,0000000-Berenson1961
,0000000-Berenson1961
,0000000-Berenson1961
,0000000-Berenson1961
,0000000-Berenson1961
,0000000-Berenson1961
,0000000-Berenson1961
,0000000-Berenson1961
,0000000-Berenson1961
,0000000-Berenson1961
,0000000-Berenson1961
,0000000-Berenson1961
503A,000503A-Berenson1961
503B,000503B-Berenson1961
503C,000503C-Berenson1961
,0000000-Berenson1961
,0000000-Berenson1961
204,0000204-Berenson1961
204A,000204A-Berenson1961
205,0000205-Berenson1961
206,0000206-Berenson1961
207,0000207-Berenson1961
208,0000208-Berenson1961
209,0000209-Berenson1961
210,0000210-Berenson1961
210A,000210A-Berenson1961
210A1,00210A1-Berenson1961
210A2,00210A2-Berenson1961
210C,000210C-Berenson1961
211,0000211-Berenson1961
220,0000220-Berenson1961
221,0000221-Berenson1961
390,0000390-Berenson1961
391,0000391-Berenson1961
392,0000392-Berenson1961
392A,000392A-Berenson1961
,0000000-Berenson1961
444,0000444-Berenson1961
445,0000445-Berenson1961
446,0000446-Berenson1961
447,0000447-Berenson1961
448,0000448-Berenson1961
449,0000449-Berenson1961
450,0000450-Berenson1961
451,0000451-Berenson1961
452,0000452-Berenson1961
453,0000453-Berenson1961
453A,000453A-Berenson1961
453B,000453B-Berenson1961
454,0000454-Berenson1961
455,0000455-Berenson1961
456,0000456-Berenson1961
457,0000457-Berenson1961
458,0000458-Berenson1961
459,0000459-Berenson1961
518A,000518A-Berenson1961
518B,000518B-Berenson1961
203J,000203J-Berenson1961
203K,000203K-Berenson1961
203L,000203L-Berenson1961
390A1,00390A1-Berenson1961
390B,000390B-Berenson1961
390C,000390C-Berenson1961
506A,000506A-Berenson1961
212,0000212-Berenson1961
221A,000221A-Berenson1961
221B,000221B-Berenson1961
221C,000221C-Berenson1961
235,0000235-Berenson1961
236,0000236-Berenson1961
237,0000237-Berenson1961
238,0000238-Berenson1961
239,0000239-Berenson1961
240,0000240-Berenson1961
241,0000241-Berenson1961
242,0000242-Berenson1961
243,0000243-Berenson1961
244,0000244-Berenson1961
245,0000245-Berenson1961
246,0000246-Berenson1961
247,0000247-Berenson1961
248,0000248-Berenson1961
249,0000249-Berenson1961
250,0000250-Berenson1961
251,0000251-Berenson1961
252,0000252-Berenson1961
253,0000253-Berenson1961
254,0000254-Berenson1961
255,0000255-Berenson1961
256,0000256-Berenson1961
257,0000257-Berenson1961
258,0000258-Berenson1961
259,0000259-Berenson1961
260,0000260-Berenson1961
261,0000261-Berenson1961
262,0000262-Berenson1961
263,0000263-Berenson1961
264,0000264-Berenson1961
265,0000265-Berenson1961
266,0000266-Berenson1961
267,0000267-Berenson1961
268,0000268-Berenson1961
269,0000269-Berenson1961
270,0000270-Berenson1961
271,0000271-Berenson1961
272,0000272-Berenson1961
273,0000273-Berenson1961
274,0000274-Berenson1961
275,0000275-Berenson1961
275A,000275A-Berenson1961
276,0000276-Berenson1961
277,0000277-Berenson1961
278,0000278-Berenson1961
279,0000279-Berenson1961
280,0000280-Berenson1961
281,0000281-Berenson1961
282,0000282-Berenson1961
283,0000283-Berenson1961
284,0000284-Berenson1961
285,0000285-Berenson1961
286,0000286-Berenson1961
287,0000287-Berenson1961
288,0000288-Berenson1961
289,0000289-Berenson1961
290,0000290-Berenson1961
291,0000291-Berenson1961
292,0000292-Berenson1961
293,0000293-Berenson1961
294,0000294-Berenson1961
294A,000294A-Berenson1961
295,0000295-Berenson1961
296,0000296-Berenson1961
297,0000297-Berenson1961
298,0000298-Berenson1961
299,0000299-Berenson1961
300,0000300-Berenson1961
301,0000301-Berenson1961
302,0000302-Berenson1961
303,0000303-Berenson1961
304,0000304-Berenson1961
305,0000305-Berenson1961
306,0000306-Berenson1961
307,0000307-Berenson1961
308,0000308-Berenson1961
309,0000309-Berenson1961
310,0000310-Berenson1961
311,0000311-Berenson1961
312,0000312-Berenson1961
313,0000313-Berenson1961
314,0000314-Berenson1961
315,0000315-Berenson1961
316,0000316-Berenson1961
317,0000317-Berenson1961
318,0000318-Berenson1961
319,0000319-Berenson1961
320,0000320-Berenson1961
321,0000321-Berenson1961
322,0000322-Berenson1961
323,0000323-Berenson1961
324,0000324-Berenson1961
325,0000325-Berenson1961
325A,000325A-Berenson1961
326,0000326-Berenson1961
327,0000327-Berenson1961
328,0000328-Berenson1961
329,0000329-Berenson1961
330,0000330-Berenson1961
331,0000331-Berenson1961
332,0000332-Berenson1961
333,0000333-Berenson1961
334,0000334-Berenson1961
335,0000335-Berenson1961
336,0000336-Berenson1961
337,0000337-Berenson1961
337A,000337A-Berenson1961
338,0000338-Berenson1961
339,0000339-Berenson1961
339A,000339A-Berenson1961
340,0000340-Berenson1961
341,0000341-Berenson1961
341A,000341A-Berenson1961
341B,000341B-Berenson1961
342,0000342-Berenson1961
342A,000342A-Berenson1961
342B,000342B-Berenson1961
343,0000343-Berenson1961
344,0000344-Berenson1961
345,0000345-Berenson1961
346,0000346-Berenson1961
347,0000347-Berenson1961
348,0000348-Berenson1961
349,0000349-Berenson1961
350,0000350-Berenson1961
351,0000351-Berenson1961
352,0000352-Berenson1961
352A,000352A-Berenson1961
353,0000353-Berenson1961
353A,000353A-Berenson1961
354,0000354-Berenson1961
354A,000354A-Berenson1961
355,0000355-Berenson1961
356,0000356-Berenson1961
357,0000357-Berenson1961
358,0000358-Berenson1961
358A,000358A-Berenson1961
359,0000359-Berenson1961
360367,0360367-Berenson1961
368,0000368-Berenson1961
369,0000369-Berenson1961
370,0000370-Berenson1961
371,0000371-Berenson1961
372,0000372-Berenson1961
373,0000373-Berenson1961
374,0000374-Berenson1961
375,0000375-Berenson1961
376,0000376-Berenson1961
376A,000376A-Berenson1961
377,0000377-Berenson1961
378,0000378-Berenson1961
379,0000379-Berenson1961
380,0000380-Berenson1961
381,0000381-Berenson1961
382,0000382-Berenson1961
383,0000383-Berenson1961
384,0000384-Berenson1961
385,0000385-Berenson1961
385A,000385A-Berenson1961
386,0000386-Berenson1961
387,0000387-Berenson1961
388,0000388-Berenson1961
389,0000389-Berenson1961
390A,000390A-Berenson1961
439A,000439A-Berenson1961
459A,000459A-Berenson1961
504,0000504-Berenson1961
505,0000505-Berenson1961
506,0000506-Berenson1961
506F,000506F-Berenson1961
508A,000508A-Berenson1961
529,0000529-Berenson1961
506C,000506C-Berenson1961
506D,000506D-Berenson1961
506E,000506E-Berenson1961
203L1,00203L1-Berenson1961
210B,000210B-Berenson1961
212A,000212A-Berenson1961
212A1,00212A1-Berenson1961
219A,000219A-Berenson1961
219B,000219B-Berenson1961
399,0000399-Berenson1961
400,0000400-Berenson1961
401,0000401-Berenson1961
402,0000402-Berenson1961
403,0000403-Berenson1961
404,0000404-Berenson1961
404A,000404A-Berenson1961
405,0000405-Berenson1961
406,0000406-Berenson1961
407,0000407-Berenson1961
408,0000408-Berenson1961
409,0000409-Berenson1961
410,0000410-Berenson1961
410A,000410A-Berenson1961
410B,000410B-Berenson1961
411,0000411-Berenson1961
412,0000412-Berenson1961
413,0000413-Berenson1961
414,0000414-Berenson1961
415,0000415-Berenson1961
416,0000416-Berenson1961
417,0000417-Berenson1961
418,0000418-Berenson1961
419,0000419-Berenson1961
420,0000420-Berenson1961
421,0000421-Berenson1961
422,0000422-Berenson1961
423,0000423-Berenson1961
424,0000424-Berenson1961
424A,000424A-Berenson1961
424B,000424B-Berenson1961
,0000000-Berenson1961
426A,000426A-Berenson1961
426B,000426B-Berenson1961
426C,000426C-Berenson1961
426D,000426D-Berenson1961
427,0000427-Berenson1961
438A,000438A-Berenson1961
428A,000428A-Berenson1961
433A,000433A-Berenson1961
,0000000-Berenson1961
433E,000433E-Berenson1961
,0000000-Berenson1961
,0000000-Berenson1961
,0000000-Berenson1961
,0000000-Berenson1961
,0000000-Berenson1961
,0000000-Berenson1961
,0000000-Berenson1961
,0000000-Berenson1961
,0000000-Berenson1961
,0000000-Berenson1961
,0000000-Berenson1961
,0000000-Berenson1961
,0000000-Berenson1961
,0000000-Berenson1961
,0000000-Berenson1961
,0000000-Berenson1961
438B,000438B-Berenson1961
460,0000460-Berenson1961
461,0000461-Berenson1961
462,0000462-Berenson1961
462A,000462A-Berenson1961
462B,000462B-Berenson1961
463,0000463-Berenson1961
463A,000463A-Berenson1961
463A1,00463A1-Berenson1961
463A2,00463A2-Berenson1961
463A3,00463A3-Berenson1961
463A4,00463A4-Berenson1961
463A5,00463A5-Berenson1961
519,0000519-Berenson1961
520,0000520-Berenson1961
521,0000521-Berenson1961
522,0000522-Berenson1961
523,0000523-Berenson1961
524,0000524-Berenson1961
525,0000525-Berenson1961
526,0000526-Berenson1961
527,0000527-Berenson1961
528,0000528-Berenson1961
528A,000528A-Berenson1961
529A,000529A-Berenson1961
,0000000-Berenson1961
,0000000-Berenson1961
,0000000-Berenson1961
,0000000-Berenson1961
,0000000-Berenson1961
212B,000212B-Berenson1961
212C,000212C-Berenson1961
212D,000212D-Berenson1961
212E,000212E-Berenson1961
213,0000213-Berenson1961
213A,000213A-Berenson1961
459G,000459G-Berenson1961
459B,000459B-Berenson1961
459C,000459C-Berenson1961
459D,000459D-Berenson1961
459E,000459E-Berenson1961
459F,000459F-Berenson1961
459G,000459G-Berenson1961
459H,000459H-Berenson1961
506B,000506B-Berenson1961
528B,000528B-Berenson1961
560A,000560A-Berenson1961
560B,000560B-Berenson1961
559Q,000559Q-Berenson1961
559Q1,00559Q1-Berenson1961
559Q2,00559Q2-Berenson1961
560,0000560-Berenson1961
591A,000591A-Berenson1961
587A,000587A-Berenson1961
,0000000-Berenson1961
591B,000591B-Berenson1961
591C,000591C-Berenson1961
592,0000592-Berenson1961
,0000000-Berenson1961
593B,000593B-Berenson1961
593C,000593C-Berenson1961
605,0000605-Berenson1961
605A,000605A-Berenson1961
605B,000605B-Berenson1961
605C,000605C-Berenson1961
605D,000605D-Berenson1961
605E,000605E-Berenson1961
593A,000593A-Berenson1961
604E,000604E-Berenson1961
605D1,00605D1-Berenson1961
605D2,00605D2-Berenson1961
594A,000594A-Berenson1961
595,0000595-Berenson1961
596,0000596-Berenson1961
597,0000597-Berenson1961
598,0000598-Berenson1961
598A,000598A-Berenson1961
599,0000599-Berenson1961
599A,000599A-Berenson1961
600,0000600-Berenson1961
601,0000601-Berenson1961
601A,000601A-Berenson1961
601B,000601B-Berenson1961
601C,000601C-Berenson1961
601D,000601D-Berenson1961
602,0000602-Berenson1961
603,0000603-Berenson1961
604,0000604-Berenson1961
604A,000604A-Berenson1961
604D1,00604D1-Berenson1961
604D,000604D-Berenson1961
593D,000593D-Berenson1961
605G,000605G-Berenson1961
606,0000606-Berenson1961
607,0000607-Berenson1961
607A,000607A-Berenson1961
605F,000605F-Berenson1961
608A,000608A-Berenson1961
633,0000633-Berenson1961
634,0000634-Berenson1961
635,0000635-Berenson1961
636,0000636-Berenson1961
637,0000637-Berenson1961
638,0000638-Berenson1961
639,0000639-Berenson1961
642E,000642E-Berenson1961
643,0000643-Berenson1961
608B,000608B-Berenson1961
609,0000609-Berenson1961
609B,000609B-Berenson1961
609D,000609D-Berenson1961
657,0000657-Berenson1961
632A,000632A-Berenson1961
610,0000610-Berenson1961
610A,000610A-Berenson1961
611,0000611-Berenson1961
617,0000617-Berenson1961
618,0000618-Berenson1961
619,0000619-Berenson1961
620,0000620-Berenson1961
621,0000621-Berenson1961
622,0000622-Berenson1961
623,0000623-Berenson1961
624,0000624-Berenson1961
625,0000625-Berenson1961
626,0000626-Berenson1961
627,0000627-Berenson1961
628,0000628-Berenson1961
629,0000629-Berenson1961
629A,000629A-Berenson1961
629B,000629B-Berenson1961
629C,000629C-Berenson1961
629D,000629D-Berenson1961
630,0000630-Berenson1961
631,0000631-Berenson1961
631A,000631A-Berenson1961
631B,000631B-Berenson1961
632,0000632-Berenson1961
645,0000645-Berenson1961
646,0000646-Berenson1961
647,0000647-Berenson1961
648,0000648-Berenson1961
649,0000649-Berenson1961
650,0000650-Berenson1961
651,0000651-Berenson1961
652,0000652-Berenson1961
653,0000653-Berenson1961
654,0000654-Berenson1961
655,0000655-Berenson1961
656A,000656A-Berenson1961
656B,000656B-Berenson1961
640,0000640-Berenson1961
641,0000641-Berenson1961
641A,000641A-Berenson1961
641B,000641B-Berenson1961
642,0000642-Berenson1961
642D,000642D-Berenson1961
642B,000642B-Berenson1961
642C,000642C-Berenson1961
658D,000658D-Berenson1961
658E,000658E-Berenson1961
658A,000658A-Berenson1961
658B,000658B-Berenson1961
660,0000660-Berenson1961
660A,000660A-Berenson1961
661,0000661-Berenson1961
662,0000662-Berenson1961
663,0000663-Berenson1961
664,0000664-Berenson1961
665,0000665-Berenson1961
666,0000666-Berenson1961
667,0000667-Berenson1961
668,0000668-Berenson1961
669,0000669-Berenson1961
669A,000669A-Berenson1961
658C,000658C-Berenson1961
669A1,00669A1-Berenson1961
669B,000669B-Berenson1961
730,0000730-Berenson1961
731,0000731-Berenson1961
732,0000732-Berenson1961
732A,000732A-Berenson1961
669C,000669C-Berenson1961
669D,000669D-Berenson1961
708,0000708-Berenson1961
709,0000709-Berenson1961
710,0000710-Berenson1961
711,0000711-Berenson1961
712,0000712-Berenson1961
713,0000713-Berenson1961
713A,000713A-Berenson1961
713B,000713B-Berenson1961
714,0000714-Berenson1961
715,0000715-Berenson1961
716,0000716-Berenson1961
717,0000717-Berenson1961
718,0000718-Berenson1961
719,0000719-Berenson1961
719A,000719A-Berenson1961
720,0000720-Berenson1961
721,0000721-Berenson1961
721A,000721A-Berenson1961
722,0000722-Berenson1961
723,0000723-Berenson1961
724,0000724-Berenson1961
725,0000725-Berenson1961
726,0000726-Berenson1961
727A,000727A-Berenson1961
728,0000728-Berenson1961
728A,000728A-Berenson1961
742A,000742A-Berenson1961
672B,000672B-Berenson1961
742,0000742-Berenson1961
669E,000669E-Berenson1961
669F,000669F-Berenson1961
669G,000669G-Berenson1961
670,0000670-Berenson1961
671A,000671A-Berenson1961
671B,000671B-Berenson1961
672,0000672-Berenson1961
735A,000735A-Berenson1961
735B,000735B-Berenson1961
690D,000690D-Berenson1961
728C1,00728C1-Berenson1961
672A,000672A-Berenson1961
673,0000673-Berenson1961
673A,000673A-Berenson1961
674,0000674-Berenson1961
674A,000674A-Berenson1961
675,0000675-Berenson1961
677,0000677-Berenson1961
678,0000678-Berenson1961
679,0000679-Berenson1961
679A,000679A-Berenson1961
680,0000680-Berenson1961
681,0000681-Berenson1961
682,0000682-Berenson1961
683,0000683-Berenson1961
684,0000684-Berenson1961
685,0000685-Berenson1961
685A,000685A-Berenson1961
686,0000686-Berenson1961
687,0000687-Berenson1961
688,0000688-Berenson1961
689,0000689-Berenson1961
690,0000690-Berenson1961
690A,000690A-Berenson1961
690B,000690B-Berenson1961
690B1,00690B1-Berenson1961
728B,000728B-Berenson1961
728C,000728C-Berenson1961
729,0000729-Berenson1961
736,0000736-Berenson1961
738,0000738-Berenson1961
738A,000738A-Berenson1961
739,0000739-Berenson1961
741,0000741-Berenson1961
743A,000743A-Berenson1961
728D,000728D-Berenson1961
670B,000670B-Berenson1961
670C,000670C-Berenson1961
670D,000670D-Berenson1961
691,0000691-Berenson1961
692,0000692-Berenson1961
693,0000693-Berenson1961
693A,000693A-Berenson1961
693B,000693B-Berenson1961
694,0000694-Berenson1961
696,0000696-Berenson1961
697,0000697-Berenson1961
698,0000698-Berenson1961
699,0000699-Berenson1961
699A,000699A-Berenson1961
699B,000699B-Berenson1961
701,0000701-Berenson1961
705,0000705-Berenson1961
706,0000706-Berenson1961
707,0000707-Berenson1961
733,0000733-Berenson1961
734,0000734-Berenson1961
734A,000734A-Berenson1961
734B,000734B-Berenson1961
670A,000670A-Berenson1961
701A,000701A-Berenson1961
559O,000559O-Berenson1961
559P,000559P-Berenson1961
530,0000530-Berenson1961
531,0000531-Berenson1961
544D,000544D-Berenson1961
559B,000559B-Berenson1961
559C,000559C-Berenson1961
559D,000559D-Berenson1961
559E,000559E-Berenson1961
546A,000546A-Berenson1961
531A,000531A-Berenson1961
532,0000532-Berenson1961
533,0000533-Berenson1961
544C,000544C-Berenson1961
547,0000547-Berenson1961
545A,000545A-Berenson1961
,0000000-Berenson1961
,0000000-Berenson1961
,0000000-Berenson1961
,0000000-Berenson1961
,0000000-Berenson1961
,0000000-Berenson1961
,0000000-Berenson1961
,0000000-Berenson1961
,0000000-Berenson1961
,0000000-Berenson1961
,0000000-Berenson1961
534B,000534B-Berenson1961
534,0000534-Berenson1961
534A,000534A-Berenson1961
534C,000534C-Berenson1961
536,0000536-Berenson1961
536A,000536A-Berenson1961
537,0000537-Berenson1961
537A,000537A-Berenson1961
538,0000538-Berenson1961
544D1,00544D1-Berenson1961
545D,000545D-Berenson1961
554A,000554A-Berenson1961
559F,000559F-Berenson1961
559G,000559G-Berenson1961
559M,000559M-Berenson1961
559N,000559N-Berenson1961
558A,000558A-Berenson1961
545B,000545B-Berenson1961
545C,000545C-Berenson1961
559H,000559H-Berenson1961
559I,000559I-Berenson1961
559J,000559J-Berenson1961
559K,000559K-Berenson1961
559L,000559L-Berenson1961
529B,000529B-Berenson1961
533A,000533A-Berenson1961
539A,000539A-Berenson1961
540,0000540-Berenson1961
540A,000540A-Berenson1961
541,0000541-Berenson1961
542,0000542-Berenson1961
543,0000543-Berenson1961
544,0000544-Berenson1961
544A,000544A-Berenson1961
546,0000546-Berenson1961
559,0000559-Berenson1961
529C,000529C-Berenson1961
544C1,00544C1-Berenson1961
547A,000547A-Berenson1961
547B,000547B-Berenson1961
1622A,001622A-Berenson1961
1622B,001622B-Berenson1961
1622C,001622C-Berenson1961
1622D,001622D-Berenson1961
1623,0001623-Berenson1961
1623(bis),1623(bis)-Berenson1961
1623A,001623A-Berenson1961
1623B,001623B-Berenson1961
1623C,001623C-Berenson1961
1623D,001623D-Berenson1961
1623E,001623E-Berenson1961
1624,0001624-Berenson1961
1624B,001624B-Berenson1961
1624C,001624C-Berenson1961
1626,0001626-Berenson1961
1627,0001627-Berenson1961
1629,0001629-Berenson1961
1630,0001630-Berenson1961
1631,0001631-Berenson1961
1632,0001632-Berenson1961
1634,0001634-Berenson1961
1635,0001635-Berenson1961
1637,0001637-Berenson1961
1638,0001638-Berenson1961
1639,0001639-Berenson1961
1640,0001640-Berenson1961
1642,0001642-Berenson1961
1643,0001643-Berenson1961
1644,0001644-Berenson1961
1645,0001645-Berenson1961
1645A,001645A-Berenson1961
1645B,001645B-Berenson1961
1646,0001646-Berenson1961
1647,0001647-Berenson1961
1648,0001648-Berenson1961
1648A,001648A-Berenson1961
1649,0001649-Berenson1961
1650,0001650-Berenson1961
1651,0001651-Berenson1961
1652,0001652-Berenson1961
1653,0001653-Berenson1961
1653A,001653A-Berenson1961
1654A,001654A-Berenson1961
1654B,001654B-Berenson1961
1655,0001655-Berenson1961
1655A,001655A-Berenson1961
1656,0001656-Berenson1961
1657,0001657-Berenson1961
1657A,001657A-Berenson1961
1658,0001658-Berenson1961
1659,0001659-Berenson1961
1660A,001660A-Berenson1961
1660B,001660B-Berenson1961
1661,0001661-Berenson1961
1661A,001661A-Berenson1961
1661B,001661B-Berenson1961
1661C,001661C-Berenson1961
1662,0001662-Berenson1961
1663,0001663-Berenson1961
1663A,001663A-Berenson1961
1663B,001663B-Berenson1961
1664,0001664-Berenson1961
1665,0001665-Berenson1961
1665A,001665A-Berenson1961
1666,0001666-Berenson1961
1666A,001666A-Berenson1961
1667,0001667-Berenson1961
1668,0001668-Berenson1961
1668,0001668-Berenson1961
1669,0001669-Berenson1961
1699A,001699A-Berenson1961
1670,0001670-Berenson1961
1671,0001671-Berenson1961
1672,0001672-Berenson1961
1673,0001673-Berenson1961
1674,0001674-Berenson1961
1675,0001675-Berenson1961
1677,0001677-Berenson1961
1678,0001678-Berenson1961
1679,0001679-Berenson1961
1680,0001680-Berenson1961
1680A,001680A-Berenson1961
1681,0001681-Berenson1961
1682,0001682-Berenson1961
1683,0001683-Berenson1961
1684,0001684-Berenson1961
1685,0001685-Berenson1961
1686,0001686-Berenson1961
1686A,001686A-Berenson1961
1687,0001687-Berenson1961
1688,0001688-Berenson1961
1689,0001689-Berenson1961
1689A,001689A-Berenson1961
1690,0001690-Berenson1961
1690A,001690A-Berenson1961
1691,0001691-Berenson1961
1692,0001692-Berenson1961
1692A,001692A-Berenson1961
1695,0001695-Berenson1961
1696A,001696A-Berenson1961
1696B,001696B-Berenson1961
1697,0001697-Berenson1961
1697A,001697A-Berenson1961
1697B,001697B-Berenson1961
1697C,001697C-Berenson1961
1698,0001698-Berenson1961
1699,0001699-Berenson1961
1701,0001701-Berenson1961
,0000000-Berenson1961
,0000000-Berenson1961
,0000000-Berenson1961
,0000000-Berenson1961
,0000000-Berenson1961
,0000000-Berenson1961
,0000000-Berenson1961
,0000000-Berenson1961
1704,0001704-Berenson1961
1705,0001705-Berenson1961
1706,0001706-Berenson1961
1707,0001707-Berenson1961
1708,0001708-Berenson1961
1708A,001708A-Berenson1961
1709,0001709-Berenson1961
1710,0001710-Berenson1961
1711,0001711-Berenson1961
1712,0001712-Berenson1961
1713,0001713-Berenson1961
1714,0001714-Berenson1961
1715,0001715-Berenson1961
1716,0001716-Berenson1961
1717,0001717-Berenson1961
1718,0001718-Berenson1961
1719,0001719-Berenson1961
1720,0001720-Berenson1961
1722,0001722-Berenson1961
1723,0001723-Berenson1961
1724,0001724-Berenson1961
1724A,001724A-Berenson1961
1725,0001725-Berenson1961
1725A,001725A-Berenson1961
1726,0001726-Berenson1961
1727,0001727-Berenson1961
1728,0001728-Berenson1961
1729,0001729-Berenson1961
1730,0001730-Berenson1961
1731,0001731-Berenson1961
1732,0001732-Berenson1961
1733A,001733A-Berenson1961
1734,0001734-Berenson1961
1734A,001734A-Berenson1961
1735,0001735-Berenson1961
1736,0001736-Berenson1961
1737,0001737-Berenson1961
1738,0001738-Berenson1961
1739,0001739-Berenson1961
1740,0001740-Berenson1961
1741,0001741-Berenson1961
1742,0001742-Berenson1961
1743,0001743-Berenson1961
1743A,001743A-Berenson1961
1744,0001744-Berenson1961
1745,0001745-Berenson1961
1745A,001745A-Berenson1961
1746,0001746-Berenson1961
1746A,001746A-Berenson1961
1746A1,01746A1-Berenson1961
1746A2,01746A2-Berenson1961
1746A3,01746A3-Berenson1961
1746A4,01746A4-Berenson1961
1746B,001746B-Berenson1961
1747,0001747-Berenson1961
1747A,001747A-Berenson1961
1748,0001748-Berenson1961
1748A,001748A-Berenson1961
1749,0001749-Berenson1961
1749A,001749A-Berenson1961
1750,0001750-Berenson1961
1750A,001750A-Berenson1961
1750B,001750B-Berenson1961
1395A,001395A-Berenson1961
1395B,001395B-Berenson1961
1396,0001396-Berenson1961
1396A,001396A-Berenson1961
1397,0001397-Berenson1961
1397B,001397B-Berenson1961
1397B1,01397B1-Berenson1961
1397B2,01397B2-Berenson1961
1397C,001397C-Berenson1961
1398,0001398-Berenson1961
1398A,001398A-Berenson1961
1399,0001399-Berenson1961
1399A,001399A-Berenson1961
1399A1,01399A1-Berenson1961
1399A2,01399A2-Berenson1961
1399B,001399B-Berenson1961
1399C,001399C-Berenson1961
1399D,001399D-Berenson1961
1399E,001399E-Berenson1961
1399F,001399F-Berenson1961
1399G,001399G-Berenson1961
1399G1,01399G1-Berenson1961
1399G2,01399G2-Berenson1961
1399G3,01399G3-Berenson1961
1399H,001399H-Berenson1961
1399I,001399I-Berenson1961
1399J,001399J-Berenson1961
1399K,001399K-Berenson1961
1400,0001400-Berenson1961
1401,0001401-Berenson1961
1401A,001401A-Berenson1961
1401B,001401B-Berenson1961
1402,0001402-Berenson1961
1403,0001403-Berenson1961
1403A,001403A-Berenson1961
1403B,001403B-Berenson1961
1404,0001404-Berenson1961
1405,0001405-Berenson1961
1406,0001406-Berenson1961
1407,0001407-Berenson1961
1408,0001408-Berenson1961
1409,0001409-Berenson1961
1409A,001409A-Berenson1961
1409B,001409B-Berenson1961
1409C,001409C-Berenson1961
1409D,001409D-Berenson1961
1409E,001409E-Berenson1961
1409F,001409F-Berenson1961
1409G,001409G-Berenson1961
1410,0001410-Berenson1961
1411,0001411-Berenson1961
1411A,001411A-Berenson1961
1411B,001411B-Berenson1961
1412,0001412-Berenson1961
1413,0001413-Berenson1961
1414,0001414-Berenson1961
1415,0001415-Berenson1961
1416,0001416-Berenson1961
1417,0001417-Berenson1961
1418,0001418-Berenson1961
1419,0001419-Berenson1961
1419A,001419A-Berenson1961
1420,0001420-Berenson1961
1421,0001421-Berenson1961
1422,0001422-Berenson1961
1423,0001423-Berenson1961
1424,0001424-Berenson1961
1425,0001425-Berenson1961
1426,0001426-Berenson1961
1427,0001427-Berenson1961
1428,0001428-Berenson1961
1429,0001429-Berenson1961
1430,0001430-Berenson1961
1431,0001431-Berenson1961
1432,0001432-Berenson1961
1433,0001433-Berenson1961
1434,0001434-Berenson1961
1435,0001435-Berenson1961
1436,0001436-Berenson1961
1437,0001437-Berenson1961
1438,0001438-Berenson1961
1439,0001439-Berenson1961
1440,0001440-Berenson1961
1441,0001441-Berenson1961
1442,0001442-Berenson1961
1443,0001443-Berenson1961
1444,0001444-Berenson1961
1445,0001445-Berenson1961
1446,0001446-Berenson1961
1447,0001447-Berenson1961
1448,0001448-Berenson1961
1449,0001449-Berenson1961
1450,0001450-Berenson1961
1451,0001451-Berenson1961
1452,0001452-Berenson1961
1453,0001453-Berenson1961
1454,0001454-Berenson1961
1455,0001455-Berenson1961
1455A,001455A-Berenson1961
1456,0001456-Berenson1961
1457,0001457-Berenson1961
1458,0001458-Berenson1961
1459,0001459-Berenson1961
,0000000-Berenson1961
,0000000-Berenson1961
,0000000-Berenson1961
,0000000-Berenson1961
,0000000-Berenson1961
,0000000-Berenson1961
1462A,001462A-Berenson1961
1463,0001463-Berenson1961
1464,0001464-Berenson1961
1465,0001465-Berenson1961
1466,0001466-Berenson1961
1467,0001467-Berenson1961
1468,0001468-Berenson1961
1469,0001469-Berenson1961
1470,0001470-Berenson1961
1471,0001471-Berenson1961
1472,0001472-Berenson1961
1473,0001473-Berenson1961
1474,0001474-Berenson1961
1474A,001474A-Berenson1961
1475,0001475-Berenson1961
1475A,001475A-Berenson1961
1476,0001476-Berenson1961
1476A,001476A-Berenson1961
1477,0001477-Berenson1961
1478,0001478-Berenson1961
1479,0001479-Berenson1961
1480,0001480-Berenson1961
1481,0001481-Berenson1961
1482,0001482-Berenson1961
1483,0001483-Berenson1961
1484,0001484-Berenson1961
1485,0001485-Berenson1961
1486,0001486-Berenson1961
1487,0001487-Berenson1961
1488,0001488-Berenson1961
1489,0001489-Berenson1961
1490,0001490-Berenson1961
1491,0001491-Berenson1961
1492,0001492-Berenson1961
1493,0001493-Berenson1961
1494,0001494-Berenson1961
1495,0001495-Berenson1961
1496,0001496-Berenson1961
1497,0001497-Berenson1961
1498,0001498-Berenson1961
1499,0001499-Berenson1961
1500,0001500-Berenson1961
1501,0001501-Berenson1961
1502,0001502-Berenson1961
1503,0001503-Berenson1961
1504,0001504-Berenson1961
1505,0001505-Berenson1961
1506,0001506-Berenson1961
1507,0001507-Berenson1961
1507A,001507A-Berenson1961
1508,0001508-Berenson1961
1509,0001509-Berenson1961
1510,0001510-Berenson1961
1511,0001511-Berenson1961
1512,0001512-Berenson1961
1513,0001513-Berenson1961
1514,0001514-Berenson1961
1515,0001515-Berenson1961
1516,0001516-Berenson1961
1517,0001517-Berenson1961
1518,0001518-Berenson1961
1519,0001519-Berenson1961
1519A,001519A-Berenson1961
1520,0001520-Berenson1961
1521,0001521-Berenson1961
1522,0001522-Berenson1961
1523,0001523-Berenson1961
1524,0001524-Berenson1961
1525,0001525-Berenson1961
1526,0001526-Berenson1961
1527,0001527-Berenson1961
1528,0001528-Berenson1961
1529,0001529-Berenson1961
1530,0001530-Berenson1961
1531,0001531-Berenson1961
1532,0001532-Berenson1961
1533,0001533-Berenson1961
1534,0001534-Berenson1961
1535,0001535-Berenson1961
1536,0001536-Berenson1961
1537,0001537-Berenson1961
1538,0001538-Berenson1961
1538A,001538A-Berenson1961
1538B,001538B-Berenson1961
1542,0001542-Berenson1961
1543,0001543-Berenson1961
1543A,001543A-Berenson1961
1544,0001544-Berenson1961
1544A,001544A-Berenson1961
1544B,001544B-Berenson1961
1544C,001544C-Berenson1961
1544D,001544D-Berenson1961
1544E,001544E-Berenson1961
1545,0001545-Berenson1961
1546,0001546-Berenson1961
1547,0001547-Berenson1961
1548,0001548-Berenson1961
1549,0001549-Berenson1961
1550,0001550-Berenson1961
1551,0001551-Berenson1961
1552,0001552-Berenson1961
1553,0001553-Berenson1961
1554,0001554-Berenson1961
1555,0001555-Berenson1961
1556,0001556-Berenson1961
1557,0001557-Berenson1961
1558,0001558-Berenson1961
1559,0001559-Berenson1961
1560,0001560-Berenson1961
1561,0001561-Berenson1961
1562,0001562-Berenson1961
1563,0001563-Berenson1961
1564,0001564-Berenson1961
1565,0001565-Berenson1961
1566,0001566-Berenson1961
,0000000-Berenson1961
1568,0001568-Berenson1961
1568A,001568A-Berenson1961
1568B,001568B-Berenson1961
,0000000-Berenson1961
1569A,001569A-Berenson1961
1570,0001570-Berenson1961
1571,0001571-Berenson1961
1572,0001572-Berenson1961
1572A,001572A-Berenson1961
1572B,001572B-Berenson1961
1573,0001573-Berenson1961
1574,0001574-Berenson1961
1575,0001575-Berenson1961
1576,0001576-Berenson1961
1577,0001577-Berenson1961
1578,0001578-Berenson1961
,0000000-Berenson1961
1579,0001579-Berenson1961
1580,0001580-Berenson1961
1581,0001581-Berenson1961
1582,0001582-Berenson1961
1583,0001583-Berenson1961
1584,0001584-Berenson1961
1585,0001585-Berenson1961
1586,0001586-Berenson1961
1587,0001587-Berenson1961
1588,0001588-Berenson1961
1589,0001589-Berenson1961
1590,0001590-Berenson1961
1590A,001590A-Berenson1961
1591,0001591-Berenson1961
1592,0001592-Berenson1961
1593,0001593-Berenson1961
1594,0001594-Berenson1961
1595,0001595-Berenson1961
1596,0001596-Berenson1961
1597,0001597-Berenson1961
1598,0001598-Berenson1961
1598A,001598A-Berenson1961
1598B,001598B-Berenson1961
1598C,001598C-Berenson1961
1598D,001598D-Berenson1961
1599,0001599-Berenson1961
1600,0001600-Berenson1961
,0000000-Berenson1961
1601,0001601-Berenson1961
1602,0001602-Berenson1961
1603,0001603-Berenson1961
1604,0001604-Berenson1961
1605,0001605-Berenson1961
1606,0001606-Berenson1961
1607,0001607-Berenson1961
1608,0001608-Berenson1961
1610,0001610-Berenson1961
1611,0001611-Berenson1961
1612,0001612-Berenson1961
1613,0001613-Berenson1961
1614,0001614-Berenson1961
1615,0001615-Berenson1961
1616,0001616-Berenson1961
1617,0001617-Berenson1961
1618,0001618-Berenson1961
1620,0001620-Berenson1961
1621,0001621-Berenson1961
1622,0001622-Berenson1961
1751,0001751-Berenson1961
1752,0001752-Berenson1961
1753,0001753-Berenson1961
1754A,001754A-Berenson1961
1754B,001754B-Berenson1961
1754C,001754C-Berenson1961
1754D,001754D-Berenson1961
1754E,001754E-Berenson1961
1754F,001754F-Berenson1961
1754G,001754G-Berenson1961
1754H,001754H-Berenson1961
1755,0001755-Berenson1961
1755A,001755A-Berenson1961
1756,0001756-Berenson1961
1757,0001757-Berenson1961
1757A,001757A-Berenson1961
1758,0001758-Berenson1961
1759,0001759-Berenson1961
1759A,001759A-Berenson1961
1759B,001759B-Berenson1961
1760,0001760-Berenson1961
1761,0001761-Berenson1961
1761A1,01761A1-Berenson1961
1761A2,01761A2-Berenson1961
1761A3,01761A3-Berenson1961
1762,0001762-Berenson1961
1763,0001763-Berenson1961
1763A,001763A-Berenson1961
1763B,001763B-Berenson1961
1763C,001763C-Berenson1961
1764,0001764-Berenson1961
1764A,001764A-Berenson1961
1764B,001764B-Berenson1961
1765,0001765-Berenson1961
1766,0001766-Berenson1961
1766A1,01766A1-Berenson1961
1766A2,01766A2-Berenson1961
1766B,001766B-Berenson1961
1766C,001766C-Berenson1961
1766D,001766D-Berenson1961
1766E,001766E-Berenson1961
1766F,001766F-Berenson1961
1766G,001766G-Berenson1961
1767,0001767-Berenson1961
1767A,001767A-Berenson1961
1768,0001768-Berenson1961
1769,0001769-Berenson1961
1770,0001770-Berenson1961
1770A,001770A-Berenson1961
1770B,001770B-Berenson1961
1770C,001770C-Berenson1961
1770D,001770D-Berenson1961
1775,0001775-Berenson1961
1776,0001776-Berenson1961
1777,0001777-Berenson1961
1778,0001778-Berenson1961
1779,0001779-Berenson1961
1780,0001780-Berenson1961
1781,0001781-Berenson1961
1782,0001782-Berenson1961
1783,0001783-Berenson1961
1784,0001784-Berenson1961
1785,0001785-Berenson1961
1785A,001785A-Berenson1961
1786,0001786-Berenson1961
1786A,001786A-Berenson1961
1786B,001786B-Berenson1961
1787,0001787-Berenson1961
1787A,001787A-Berenson1961
1788,0001788-Berenson1961
1789,0001789-Berenson1961
1790,0001790-Berenson1961
1791,0001791-Berenson1961
1792,0001792-Berenson1961
1793,0001793-Berenson1961
1794,0001794-Berenson1961
1795,0001795-Berenson1961
1796,0001796-Berenson1961
1796A,001796A-Berenson1961
1797,0001797-Berenson1961
1798,0001798-Berenson1961
1799,0001799-Berenson1961
1800,0001800-Berenson1961
1951C,001951C-Berenson1961
1952,0001952-Berenson1961
1953,0001953-Berenson1961
1953A,001953A-Berenson1961
1953B,001953B-Berenson1961
1954,0001954-Berenson1961
1954A,001954A-Berenson1961
1954B,001954B-Berenson1961
1954C,001954C-Berenson1961
1955,0001955-Berenson1961
1955A,001955A-Berenson1961
1955B,001955B-Berenson1961
1956,0001956-Berenson1961
1957,0001957-Berenson1961
1957B,001957B-Berenson1961
1958A,001958A-Berenson1961
1959,0001959-Berenson1961
1959A,001959A-Berenson1961
1959B,001959B-Berenson1961
1959B1,01959B1-Berenson1961
1959C,001959C-Berenson1961
1959D,001959D-Berenson1961
1959E,001959E-Berenson1961
1959F,001959F-Berenson1961
1959G,001959G-Berenson1961
1960,0001960-Berenson1961
1961,0001961-Berenson1961
1962,0001962-Berenson1961
1963,0001963-Berenson1961
1964,0001964-Berenson1961
1967,0001967-Berenson1961
1968,0001968-Berenson1961
1969,0001969-Berenson1961
1970,0001970-Berenson1961
1970A,001970A-Berenson1961
1971,0001971-Berenson1961
1972,0001972-Berenson1961
1972A,001972A-Berenson1961
1973,0001973-Berenson1961
1974,0001974-Berenson1961
1974A,001974A-Berenson1961
1974B,001974B-Berenson1961
1975,0001975-Berenson1961
1976,0001976-Berenson1961
1977,0001977-Berenson1961
1977A,001977A-Berenson1961
1978,0001978-Berenson1961
1979,0001979-Berenson1961
1980,0001980-Berenson1961
1981,0001981-Berenson1961
1982,0001982-Berenson1961
1983,0001983-Berenson1961
1990,0001990-Berenson1961
1991,0001991-Berenson1961
1991A,001991A-Berenson1961
1991B,001991B-Berenson1961
2011,0002011-Berenson1961
2012,0002012-Berenson1961
2013,0002013-Berenson1961
2014,0002014-Berenson1961
2015,0002015-Berenson1961
2016,0002016-Berenson1961
2016A,002016A-Berenson1961
2017,0002017-Berenson1961
2017A,002017A-Berenson1961
2017B,002017B-Berenson1961
2018,0002018-Berenson1961
2019,0002019-Berenson1961
2020,0002020-Berenson1961
2021,0002021-Berenson1961
2022,0002022-Berenson1961
2023,0002023-Berenson1961
2024,0002024-Berenson1961
2025,0002025-Berenson1961
2026,0002026-Berenson1961
2027,0002027-Berenson1961
2028,0002028-Berenson1961
2029,0002029-Berenson1961
2030,0002030-Berenson1961
2031,0002031-Berenson1961
2032,0002032-Berenson1961
2033,0002033-Berenson1961
2034,0002034-Berenson1961
2035,0002035-Berenson1961
2036,0002036-Berenson1961
2037,0002037-Berenson1961
2038,0002038-Berenson1961
2039,0002039-Berenson1961
2040,0002040-Berenson1961
2041,0002041-Berenson1961
2042,0002042-Berenson1961
2043,0002043-Berenson1961
2044,0002044-Berenson1961
2045,0002045-Berenson1961
2046,0002046-Berenson1961
2047,0002047-Berenson1961
2048,0002048-Berenson1961
2049,0002049-Berenson1961
2050,0002050-Berenson1961
2051,0002051-Berenson1961
2052,0002052-Berenson1961
2053,0002053-Berenson1961
2054,0002054-Berenson1961
2055,0002055-Berenson1961
2055A,002055A-Berenson1961
2056,0002056-Berenson1961
2057,0002057-Berenson1961
2058,0002058-Berenson1961
2059,0002059-Berenson1961
2060,0002060-Berenson1961
2061,0002061-Berenson1961
2062,0002062-Berenson1961
2064,0002064-Berenson1961
2065,0002065-Berenson1961
2066,0002066-Berenson1961
2067,0002067-Berenson1961
2068,0002068-Berenson1961
2069,0002069-Berenson1961
2070,0002070-Berenson1961
2071,0002071-Berenson1961
2072,0002072-Berenson1961
2073,0002073-Berenson1961
2074,0002074-Berenson1961
2075,0002075-Berenson1961
2076,0002076-Berenson1961
2077,0002077-Berenson1961
2078,0002078-Berenson1961
2079,0002079-Berenson1961
2080,0002080-Berenson1961
2081,0002081-Berenson1961
2082,0002082-Berenson1961
2083,0002083-Berenson1961
2084,0002084-Berenson1961
2085,0002085-Berenson1961
2086,0002086-Berenson1961
2086A,002086A-Berenson1961
2087,0002087-Berenson1961
2088,0002088-Berenson1961
2089,0002089-Berenson1961
2090,0002090-Berenson1961
2091,0002091-Berenson1961
2092,0002092-Berenson1961
2093,0002093-Berenson1961
2094,0002094-Berenson1961
2095,0002095-Berenson1961
2096,0002096-Berenson1961
2097,0002097-Berenson1961
2098,0002098-Berenson1961
2099,0002099-Berenson1961
2100,0002100-Berenson1961
2101,0002101-Berenson1961
2102,0002102-Berenson1961
2103,0002103-Berenson1961
2104,0002104-Berenson1961
2105,0002105-Berenson1961
2106,0002106-Berenson1961
2107,0002107-Berenson1961
2108,0002108-Berenson1961
2109,0002109-Berenson1961
2110,0002110-Berenson1961
2111,0002111-Berenson1961
2112,0002112-Berenson1961
2113,0002113-Berenson1961
2114,0002114-Berenson1961
2115,0002115-Berenson1961
2116,0002116-Berenson1961
2117,0002117-Berenson1961
2118,0002118-Berenson1961
2119,0002119-Berenson1961
2120,0002120-Berenson1961
2121,0002121-Berenson1961
2122,0002122-Berenson1961
2123,0002123-Berenson1961
2124,0002124-Berenson1961
2125,0002125-Berenson1961
2126,0002126-Berenson1961
2127,0002127-Berenson1961
2128,0002128-Berenson1961
2129,0002129-Berenson1961
2130,0002130-Berenson1961
2132,0002132-Berenson1961
2133,0002133-Berenson1961
2134,0002134-Berenson1961
2135,0002135-Berenson1961
2136,0002136-Berenson1961
2137,0002137-Berenson1961
2138,0002138-Berenson1961
2139,0002139-Berenson1961
2140,0002140-Berenson1961
2141,0002141-Berenson1961
2142,0002142-Berenson1961
2143,0002143-Berenson1961
2144,0002144-Berenson1961
2145,0002145-Berenson1961
2146,0002146-Berenson1961
2147,0002147-Berenson1961
2148,0002148-Berenson1961
2149,0002149-Berenson1961
2150,0002150-Berenson1961
2151,0002151-Berenson1961
2152,0002152-Berenson1961
2153,0002153-Berenson1961
2154,0002154-Berenson1961
2155,0002155-Berenson1961
2156,0002156-Berenson1961
2156A,002156A-Berenson1961
2157,0002157-Berenson1961
2158,0002158-Berenson1961
2159,0002159-Berenson1961
2159A,002159A-Berenson1961
2159B,002159B-Berenson1961
2159C,002159C-Berenson1961
2159D,002159D-Berenson1961
2160,0002160-Berenson1961
2161,0002161-Berenson1961
2162,0002162-Berenson1961
2163,0002163-Berenson1961
2164,0002164-Berenson1961
2165,0002165-Berenson1961
2166,0002166-Berenson1961
2167,0002167-Berenson1961
2168,0002168-Berenson1961
2169,0002169-Berenson1961
2170,0002170-Berenson1961
2171,0002171-Berenson1961
2172,0002172-Berenson1961
2173,0002173-Berenson1961
2174,0002174-Berenson1961
2175,0002175-Berenson1961
2175A,002175A-Berenson1961
2176,0002176-Berenson1961
2177,0002177-Berenson1961
2178,0002178-Berenson1961
2179,0002179-Berenson1961
2180,0002180-Berenson1961
2181,0002181-Berenson1961
2181A,002181A-Berenson1961
2182,0002182-Berenson1961
2183,0002183-Berenson1961
2184,0002184-Berenson1961
2185,0002185-Berenson1961
2186,0002186-Berenson1961
2188,0002188-Berenson1961
2189,0002189-Berenson1961
2190,0002190-Berenson1961
2191,0002191-Berenson1961
2192,0002192-Berenson1961
2193,0002193-Berenson1961
2194,0002194-Berenson1961
2195,0002195-Berenson1961
2196,0002196-Berenson1961
2197,0002197-Berenson1961
2198,0002198-Berenson1961
2199,0002199-Berenson1961
2200,0002200-Berenson1961
2201,0002201-Berenson1961
2202,0002202-Berenson1961
2203,0002203-Berenson1961
2204,0002204-Berenson1961
2205,0002205-Berenson1961
2206,0002206-Berenson1961
2207,0002207-Berenson1961
2208,0002208-Berenson1961
2209,0002209-Berenson1961
2210,0002210-Berenson1961
2211,0002211-Berenson1961
2211A,002211A-Berenson1961
2212,0002212-Berenson1961
2213,0002213-Berenson1961
2214,0002214-Berenson1961
2215,0002215-Berenson1961
2216,0002216-Berenson1961
2217,0002217-Berenson1961
2218,0002218-Berenson1961
2219,0002219-Berenson1961
2220,0002220-Berenson1961
2221,0002221-Berenson1961
2222,0002222-Berenson1961
2223,0002223-Berenson1961
2224,0002224-Berenson1961
2225,0002225-Berenson1961
2225A,002225A-Berenson1961
2226,0002226-Berenson1961
2227,0002227-Berenson1961
2228,0002228-Berenson1961
2229,0002229-Berenson1961
2230,0002230-Berenson1961
2231,0002231-Berenson1961
2232,0002232-Berenson1961
2233,0002233-Berenson1961
2234,0002234-Berenson1961
2235,0002235-Berenson1961
2236,0002236-Berenson1961
2239,0002239-Berenson1961
2240,0002240-Berenson1961
2240A,002240A-Berenson1961
2240B,002240B-Berenson1961
2240C,002240C-Berenson1961
2241,0002241-Berenson1961
2242,0002242-Berenson1961
2243,0002243-Berenson1961
2244,0002244-Berenson1961
2245,0002245-Berenson1961
2246,0002246-Berenson1961
2247,0002247-Berenson1961
2248,0002248-Berenson1961
2248A.1,2248A.1-Berenson1961
2248A.2,2248A.2-Berenson1961
2248B,002248B-Berenson1961
2248C,002248C-Berenson1961
2248D,002248D-Berenson1961
2249,0002249-Berenson1961
2250,0002250-Berenson1961
2250A,002250A-Berenson1961
2251,0002251-Berenson1961
2252,0002252-Berenson1961
2252A,002252A-Berenson1961
2252B,002252B-Berenson1961
2252C,002252C-Berenson1961
2253,0002253-Berenson1961
2253A,002253A-Berenson1961
2254,0002254-Berenson1961
2255,0002255-Berenson1961
2255A,002255A-Berenson1961
2255B,002255B-Berenson1961
2256,0002256-Berenson1961
2256A,002256A-Berenson1961
2256A1,02256A1-Berenson1961
2256B,002256B-Berenson1961
2256B1,02256B1-Berenson1961
2256B2,02256B2-Berenson1961
2256B3,02256B3-Berenson1961
2256B4,02256B4-Berenson1961
2256C,002256C-Berenson1961
2256D,002256D-Berenson1961
2256E,002256E-Berenson1961
2256F,002256F-Berenson1961
2256G,002256G-Berenson1961
2256H,002256H-Berenson1961
2256I,002256I-Berenson1961
2256J,002256J-Berenson1961
2257,0002257-Berenson1961
2258,0002258-Berenson1961
2259,0002259-Berenson1961
2260,0002260-Berenson1961
2261,0002261-Berenson1961
2265,0002265-Berenson1961
2266,0002266-Berenson1961
2266A,002266A-Berenson1961
2267,0002267-Berenson1961
2268,0002268-Berenson1961
2278,0002278-Berenson1961
2279,0002279-Berenson1961
2280,0002280-Berenson1961
2281,0002281-Berenson1961
2282,0002282-Berenson1961
2283,0002283-Berenson1961
2284,0002284-Berenson1961
,0000000-Berenson1961
2326,0002326-Berenson1961
2327,0002327-Berenson1961
2328,0002328-Berenson1961
2329,0002329-Berenson1961
2330,0002330-Berenson1961
2331,0002331-Berenson1961
2332,0002332-Berenson1961
2333,0002333-Berenson1961
2334,0002334-Berenson1961
2335,0002335-Berenson1961
2336,0002336-Berenson1961
2336A,002336A-Berenson1961
2336B,002336B-Berenson1961
2336C,002336C-Berenson1961
2336D,002336D-Berenson1961
2336D1,02336D1-Berenson1961
2336E,002336E-Berenson1961
2336F,002336F-Berenson1961
2336G,002336G-Berenson1961
2337,0002337-Berenson1961
2337A,002337A-Berenson1961
2337B,002337B-Berenson1961
2337C,002337C-Berenson1961
2338,0002338-Berenson1961
2338A,002338A-Berenson1961
2338B,002338B-Berenson1961
2338C,002338C-Berenson1961
2358,0002358-Berenson1961
2359,0002359-Berenson1961
2360,0002360-Berenson1961
2361,0002361-Berenson1961
2361A,002361A-Berenson1961
2361B,002361B-Berenson1961
2362,0002362-Berenson1961
2362A,002362A-Berenson1961
2363,0002363-Berenson1961
2363A,002363A-Berenson1961
2363B,002363B-Berenson1961
2363C,002363C-Berenson1961
2364,0002364-Berenson1961
2365,0002365-Berenson1961
2366,0002366-Berenson1961
2366A,002366A-Berenson1961
2366B,002366B-Berenson1961
2366C,002366C-Berenson1961
2367,0002367-Berenson1961
2368,0002368-Berenson1961
2368A,002368A-Berenson1961
2368A1,02368A1-Berenson1961
2368A2,02368A2-Berenson1961
2368A3,02368A3-Berenson1961
2368B,002368B-Berenson1961
2368B1,02368B1-Berenson1961
2368C,002368C-Berenson1961
2369,0002369-Berenson1961
2369A,002369A-Berenson1961
570A,000570A-Berenson1961
570D,000570D-Berenson1961
570E,000570E-Berenson1961
572A,000572A-Berenson1961
582,0000582-Berenson1961
583,0000583-Berenson1961
570B,000570B-Berenson1961
561,0000561-Berenson1961
570B,000570B-Berenson1961
570C,000570C-Berenson1961
572,0000572-Berenson1961
577B,000577B-Berenson1961
566A,000566A-Berenson1961
576A,000576A-Berenson1961
562,0000562-Berenson1961
563,0000563-Berenson1961
564,0000564-Berenson1961
565,0000565-Berenson1961
566,0000566-Berenson1961
573,0000573-Berenson1961
574,0000574-Berenson1961
575,0000575-Berenson1961
576A,000576A-Berenson1961
577,0000577-Berenson1961
577A,000577A-Berenson1961
,0000000-Berenson1961
,0000000-Berenson1961
570,0000570-Berenson1961
585,0000585-Berenson1961
586,0000586-Berenson1961
587,0000587-Berenson1961
567A,000567A-Berenson1961
561A,000561A-Berenson1961
561B,000561B-Berenson1961
567,0000567-Berenson1961
567A,000567A-Berenson1961
567B,000567B-Berenson1961
578,0000578-Berenson1961
579,0000579-Berenson1961
581,0000581-Berenson1961
569A,000569A-Berenson1961
580A,000580A-Berenson1961
2370A,002370A-Berenson1961
2370B,002370B-Berenson1961
2370C,002370C-Berenson1961
2370D,002370D-Berenson1961
2370E,002370E-Berenson1961
744,0000744-Berenson1961
744A,000744A-Berenson1961
745,0000745-Berenson1961
746,0000746-Berenson1961
747,0000747-Berenson1961
747A,000747A-Berenson1961
748,0000748-Berenson1961
749,0000749-Berenson1961
750,0000750-Berenson1961
750A,000750A-Berenson1961
751,0000751-Berenson1961
752,0000752-Berenson1961
753,0000753-Berenson1961
753B,000753B-Berenson1961
754,0000754-Berenson1961
754A,000754A-Berenson1961
755,0000755-Berenson1961
756,0000756-Berenson1961
756A,000756A-Berenson1961
757,0000757-Berenson1961
758,0000758-Berenson1961
758A,000758A-Berenson1961
759,0000759-Berenson1961
760,0000760-Berenson1961
761,0000761-Berenson1961
762,0000762-Berenson1961
763,0000763-Berenson1961
764,0000764-Berenson1961
765,0000765-Berenson1961
766,0000766-Berenson1961
766B,000766B-Berenson1961
766C,000766C-Berenson1961
766D,000766D-Berenson1961
766E,000766E-Berenson1961
767,0000767-Berenson1961
768,0000768-Berenson1961
769,0000769-Berenson1961
770,0000770-Berenson1961
770A,000770A-Berenson1961
771,0000771-Berenson1961
771A,000771A-Berenson1961
771B,000771B-Berenson1961
772,0000772-Berenson1961
772A,000772A-Berenson1961
772B,000772B-Berenson1961
772C,000772C-Berenson1961
772D,000772D-Berenson1961
772E,000772E-Berenson1961
772F,000772F-Berenson1961
772F1,00772F1-Berenson1961
772G,000772G-Berenson1961
772I,000772I-Berenson1961
772J,000772J-Berenson1961
772K,000772K-Berenson1961
773,0000773-Berenson1961
774,0000774-Berenson1961
775,0000775-Berenson1961
776,0000776-Berenson1961
777,0000777-Berenson1961
778,0000778-Berenson1961
779,0000779-Berenson1961
780,0000780-Berenson1961
781,0000781-Berenson1961
782,0000782-Berenson1961
783,0000783-Berenson1961
784,0000784-Berenson1961
785,0000785-Berenson1961
786,0000786-Berenson1961
787,0000787-Berenson1961
788,0000788-Berenson1961
789,0000789-Berenson1961
790,0000790-Berenson1961
791,0000791-Berenson1961
792,0000792-Berenson1961
793,0000793-Berenson1961
793A,000793A-Berenson1961
794,0000794-Berenson1961
794A,000794A-Berenson1961
794B,000794B-Berenson1961
794C,000794C-Berenson1961
795,0000795-Berenson1961
796,0000796-Berenson1961
797,0000797-Berenson1961
798,0000798-Berenson1961
799,0000799-Berenson1961
800,0000800-Berenson1961
801,0000801-Berenson1961
802,0000802-Berenson1961
803,0000803-Berenson1961
804,0000804-Berenson1961
805,0000805-Berenson1961
806,0000806-Berenson1961
807,0000807-Berenson1961
808,0000808-Berenson1961
810,0000810-Berenson1961
811,0000811-Berenson1961
812,0000812-Berenson1961
813,0000813-Berenson1961
814,0000814-Berenson1961
815,0000815-Berenson1961
816,0000816-Berenson1961
817,0000817-Berenson1961
818,0000818-Berenson1961
819,0000819-Berenson1961
820,0000820-Berenson1961
821,0000821-Berenson1961
822,0000822-Berenson1961
823,0000823-Berenson1961
824,0000824-Berenson1961
825,0000825-Berenson1961
826,0000826-Berenson1961
828,0000828-Berenson1961
829,0000829-Berenson1961
830,0000830-Berenson1961
832,0000832-Berenson1961
833,0000833-Berenson1961
834,0000834-Berenson1961
834A,000834A-Berenson1961
834B,000834B-Berenson1961
834C,000834C-Berenson1961
835,0000835-Berenson1961
835A,000835A-Berenson1961
835E,000835E-Berenson1961
836,0000836-Berenson1961
837,0000837-Berenson1961
838,0000838-Berenson1961
839,0000839-Berenson1961
840,0000840-Berenson1961
840A,000840A-Berenson1961
841,0000841-Berenson1961
842,0000842-Berenson1961
842A,000842A-Berenson1961
842A1,00842A1-Berenson1961
842A2,00842A2-Berenson1961
842B,000842B-Berenson1961
843,0000843-Berenson1961
844,0000844-Berenson1961
845,0000845-Berenson1961
846,0000846-Berenson1961
847,0000847-Berenson1961
848,0000848-Berenson1961
849,0000849-Berenson1961
849A,000849A-Berenson1961
850A,000850A-Berenson1961
852A,000852A-Berenson1961
852B,000852B-Berenson1961
852C,000852C-Berenson1961
853,0000853-Berenson1961
853A,000853A-Berenson1961
854,0000854-Berenson1961
855,0000855-Berenson1961
855A,000855A-Berenson1961
855B,000855B-Berenson1961
855C,000855C-Berenson1961
855D,000855D-Berenson1961
856,0000856-Berenson1961
857,0000857-Berenson1961
858,0000858-Berenson1961
859,0000859-Berenson1961
859D,000859D-Berenson1961
859E,000859E-Berenson1961
859F,000859F-Berenson1961
859I,000859I-Berenson1961
859J,000859J-Berenson1961
859K,000859K-Berenson1961
859L,000859L-Berenson1961
859M,000859M-Berenson1961
859N,000859N-Berenson1961
859O,000859O-Berenson1961
859O1,00859O1-Berenson1961
859O2,00859O2-Berenson1961
859O3,00859O3-Berenson1961
859P,000859P-Berenson1961
859Q,000859Q-Berenson1961
860,0000860-Berenson1961
861,0000861-Berenson1961
861A,000861A-Berenson1961
862,0000862-Berenson1961
862A,000862A-Berenson1961
862B,000862B-Berenson1961
863,0000863-Berenson1961
864,0000864-Berenson1961
864A,000864A-Berenson1961
865,0000865-Berenson1961
866,0000866-Berenson1961
866A,000866A-Berenson1961
866B,000866B-Berenson1961
866C,000866C-Berenson1961
868,0000868-Berenson1961
869,0000869-Berenson1961
871,0000871-Berenson1961
872,0000872-Berenson1961
873,0000873-Berenson1961
874,0000874-Berenson1961
875,0000875-Berenson1961
876,0000876-Berenson1961
877,0000877-Berenson1961
878,0000878-Berenson1961
879,0000879-Berenson1961
880,0000880-Berenson1961
881,0000881-Berenson1961
882,0000882-Berenson1961
883,0000883-Berenson1961
884,0000884-Berenson1961
885,0000885-Berenson1961
886,0000886-Berenson1961
886A,000886A-Berenson1961
887,0000887-Berenson1961
888A,000888A-Berenson1961
889,0000889-Berenson1961
890,0000890-Berenson1961
890A,000890A-Berenson1961
890B,000890B-Berenson1961
891,0000891-Berenson1961
892,0000892-Berenson1961
892A,000892A-Berenson1961
893,0000893-Berenson1961
893A,000893A-Berenson1961
893B,000893B-Berenson1961
893C,000893C-Berenson1961
895,0000895-Berenson1961
897,0000897-Berenson1961
898,0000898-Berenson1961
898A,000898A-Berenson1961
898B,000898B-Berenson1961
898C,000898C-Berenson1961
898C1,00898C1-Berenson1961
898D,000898D-Berenson1961
899,0000899-Berenson1961
900,0000900-Berenson1961
901,0000901-Berenson1961
901B,000901B-Berenson1961
902,0000902-Berenson1961
902A,000902A-Berenson1961
902B,000902B-Berenson1961
903,0000903-Berenson1961
904,0000904-Berenson1961
904A,000904A-Berenson1961
904B,000904B-Berenson1961
905,0000905-Berenson1961
905A,000905A-Berenson1961
905B,000905B-Berenson1961
905B1,00905B1-Berenson1961
905C,000905C-Berenson1961
905D,000905D-Berenson1961
906,0000906-Berenson1961
906A,000906A-Berenson1961
906B,000906B-Berenson1961
906C,000906C-Berenson1961
907,0000907-Berenson1961
907A,000907A-Berenson1961
907B,000907B-Berenson1961
908,0000908-Berenson1961
909,0000909-Berenson1961
910,0000910-Berenson1961
911,0000911-Berenson1961
912,0000912-Berenson1961
913,0000913-Berenson1961
917,0000917-Berenson1961
918,0000918-Berenson1961
919,0000919-Berenson1961
920,0000920-Berenson1961
922,0000922-Berenson1961
923,0000923-Berenson1961
924,0000924-Berenson1961
925,0000925-Berenson1961
926,0000926-Berenson1961
927,0000927-Berenson1961
928,0000928-Berenson1961
928A,000928A-Berenson1961
929,0000929-Berenson1961
929A,000929A-Berenson1961
930,0000930-Berenson1961
931,0000931-Berenson1961
932,0000932-Berenson1961
933,0000933-Berenson1961
934,0000934-Berenson1961
935,0000935-Berenson1961
936,0000936-Berenson1961
937,0000937-Berenson1961
938,0000938-Berenson1961
939,0000939-Berenson1961
940,0000940-Berenson1961
941,0000941-Berenson1961
942,0000942-Berenson1961
943,0000943-Berenson1961
944,0000944-Berenson1961
945,0000945-Berenson1961
946,0000946-Berenson1961
947,0000947-Berenson1961
948,0000948-Berenson1961
949,0000949-Berenson1961
954,0000954-Berenson1961
955,0000955-Berenson1961
956,0000956-Berenson1961
957,0000957-Berenson1961
958,0000958-Berenson1961
959,0000959-Berenson1961
960,0000960-Berenson1961
961,0000961-Berenson1961
962,0000962-Berenson1961
963,0000963-Berenson1961
964,0000964-Berenson1961
965,0000965-Berenson1961
966,0000966-Berenson1961
967,0000967-Berenson1961
968,0000968-Berenson1961
969,0000969-Berenson1961
969A,000969A-Berenson1961
969B,000969B-Berenson1961
969C,000969C-Berenson1961
969D,000969D-Berenson1961
969E,000969E-Berenson1961
970,0000970-Berenson1961
970A,000970A-Berenson1961
970B,000970B-Berenson1961
970C,000970C-Berenson1961
970D,000970D-Berenson1961
971A,000971A-Berenson1961
971B,000971B-Berenson1961
972,0000972-Berenson1961
973,0000973-Berenson1961
974,0000974-Berenson1961
974A,000974A-Berenson1961
974B,000974B-Berenson1961
974C,000974C-Berenson1961
974D,000974D-Berenson1961
975,0000975-Berenson1961
976,0000976-Berenson1961
977,0000977-Berenson1961
978,0000978-Berenson1961
979,0000979-Berenson1961
980,0000980-Berenson1961
981,0000981-Berenson1961
982,0000982-Berenson1961
982A,000982A-Berenson1961
982C,000982C-Berenson1961
983,0000983-Berenson1961
984,0000984-Berenson1961
985,0000985-Berenson1961
985A,000985A-Berenson1961
985B,000985B-Berenson1961
985C,000985C-Berenson1961
986,0000986-Berenson1961
988,0000988-Berenson1961
989,0000989-Berenson1961
990,0000990-Berenson1961
991,0000991-Berenson1961
992,0000992-Berenson1961
992A,000992A-Berenson1961
992A1,00992A1-Berenson1961
992B,000992B-Berenson1961
992C,000992C-Berenson1961
993,0000993-Berenson1961
994,0000994-Berenson1961
994A,000994A-Berenson1961
995,0000995-Berenson1961
996,0000996-Berenson1961
996A,000996A-Berenson1961
996B,000996B-Berenson1961
,0000000-Berenson1961
997,0000997-Berenson1961
997A,000997A-Berenson1961
998A,000998A-Berenson1961
998B,000998B-Berenson1961
998D,000998D-Berenson1961
998E,000998E-Berenson1961
998F,000998F-Berenson1961
999,0000999-Berenson1961
1000,0001000-Berenson1961
1001,0001001-Berenson1961
1002,0001002-Berenson1961
1002A,001002A-Berenson1961
1002B,001002B-Berenson1961
1003,0001003-Berenson1961
1004,0001004-Berenson1961
1005,0001005-Berenson1961
1006,0001006-Berenson1961
1007,0001007-Berenson1961
1008,0001008-Berenson1961
1009,0001009-Berenson1961
1009C,001009C-Berenson1961
1009D,001009D-Berenson1961
1009E,001009E-Berenson1961
1009F,001009F-Berenson1961
1009G,001009G-Berenson1961
1009H,001009H-Berenson1961
1010,0001010-Berenson1961
1010A,001010A-Berenson1961
1010B,001010B-Berenson1961
1010C,001010C-Berenson1961
1010D,001010D-Berenson1961
1010E,001010E-Berenson1961
1010F,001010F-Berenson1961
1010G,001010G-Berenson1961
1010H,001010H-Berenson1961
1010I,001010I-Berenson1961
1010J,001010J-Berenson1961
1011,0001011-Berenson1961
1012,0001012-Berenson1961
1013,0001013-Berenson1961
1013A,001013A-Berenson1961
1013B,001013B-Berenson1961
1014,0001014-Berenson1961
1014A,001014A-Berenson1961
1015,0001015-Berenson1961
1015A,001015A-Berenson1961
1015B,001015B-Berenson1961
1015C,001015C-Berenson1961
1016,0001016-Berenson1961
1017,0001017-Berenson1961
1018,0001018-Berenson1961
1019,0001019-Berenson1961
1020,0001020-Berenson1961
1020B,001020B-Berenson1961
1020C,001020C-Berenson1961
1020D,001020D-Berenson1961
1021,0001021-Berenson1961
1022,0001022-Berenson1961
1023,0001023-Berenson1961
1024,0001024-Berenson1961
1025,0001025-Berenson1961
1026,0001026-Berenson1961
1027,0001027-Berenson1961
1028,0001028-Berenson1961
1029,0001029-Berenson1961
1030,0001030-Berenson1961
1031,0001031-Berenson1961
1033,0001033-Berenson1961
1034,0001034-Berenson1961
1034A,001034A-Berenson1961
1034B,001034B-Berenson1961
1035,0001035-Berenson1961
1035A,001035A-Berenson1961
1036,0001036-Berenson1961
1037,0001037-Berenson1961
1037A,001037A-Berenson1961
1037B,001037B-Berenson1961
1037C,001037C-Berenson1961
1038,0001038-Berenson1961
1038A,001038A-Berenson1961
1039,0001039-Berenson1961
1040,0001040-Berenson1961
1040A,001040A-Berenson1961
1041,0001041-Berenson1961
1041A,001041A-Berenson1961
1042,0001042-Berenson1961
1043,0001043-Berenson1961
1044,0001044-Berenson1961
1044A,001044A-Berenson1961
1044B,001044B-Berenson1961
1044C,001044C-Berenson1961
1045A,001045A-Berenson1961
1045B,001045B-Berenson1961
1046,0001046-Berenson1961
1046,0001046-Berenson1961
1046,0001046-Berenson1961
1046,0001046-Berenson1961
1046,0001046-Berenson1961
1047,0001047-Berenson1961
1048,0001048-Berenson1961
1048A,001048A-Berenson1961
1048B,001048B-Berenson1961
1049,0001049-Berenson1961
1049A,001049A-Berenson1961
1049A1,01049A1-Berenson1961
1049B,001049B-Berenson1961
1049C,001049C-Berenson1961
1049D,001049D-Berenson1961
1049D1,01049D1-Berenson1961
1049E,001049E-Berenson1961
1050,0001050-Berenson1961
1051,0001051-Berenson1961
1052,0001052-Berenson1961
1054,0001054-Berenson1961
1055,0001055-Berenson1961
1056,0001056-Berenson1961
1057,0001057-Berenson1961
1058,0001058-Berenson1961
1059,0001059-Berenson1961
1059A,001059A-Berenson1961
1060,0001060-Berenson1961
1061,0001061-Berenson1961
1062,0001062-Berenson1961
1063,0001063-Berenson1961
1064,0001064-Berenson1961
1065,0001065-Berenson1961
1065A,001065A-Berenson1961
1066,0001066-Berenson1961
1067,0001067-Berenson1961
1067A,001067A-Berenson1961
1067B,001067B-Berenson1961
1067C,001067C-Berenson1961
1068,0001068-Berenson1961
1069,0001069-Berenson1961
1070,0001070-Berenson1961
1070A,001070A-Berenson1961
1070B,001070B-Berenson1961
1070C,001070C-Berenson1961
1071,0001071-Berenson1961
1071A,001071A-Berenson1961
1071B,001071B-Berenson1961
1071C,001071C-Berenson1961
1071D,001071D-Berenson1961
1071E,001071E-Berenson1961
1080,0001080-Berenson1961
1080A,001080A-Berenson1961
1081,0001081-Berenson1961
1082,0001082-Berenson1961
1082A,001082A-Berenson1961
1082B,001082B-Berenson1961
1082C,001082C-Berenson1961
1082C1,01082C1-Berenson1961
1082D,001082D-Berenson1961
1083,0001083-Berenson1961
1084,0001084-Berenson1961
1085,0001085-Berenson1961
1086,0001086-Berenson1961
1087,0001087-Berenson1961
1088,0001088-Berenson1961
1089,0001089-Berenson1961
1090,0001090-Berenson1961
1091,0001091-Berenson1961
1092,0001092-Berenson1961
1093,0001093-Berenson1961
1093A,001093A-Berenson1961
1094,0001094-Berenson1961
1095,0001095-Berenson1961
1096,0001096-Berenson1961
1097,0001097-Berenson1961
1098,0001098-Berenson1961
1098A,001098A-Berenson1961
1099,0001099-Berenson1961
1100,0001100-Berenson1961
1101,0001101-Berenson1961
1102,0001102-Berenson1961
1103,0001103-Berenson1961
1104,0001104-Berenson1961
1105,0001105-Berenson1961
1106,0001106-Berenson1961
1107,0001107-Berenson1961
1108,0001108-Berenson1961
1109,0001109-Berenson1961
1109A,001109A-Berenson1961
1110,0001110-Berenson1961
1111,0001111-Berenson1961
1112,0001112-Berenson1961
1112A,001112A-Berenson1961
1112B,001112B-Berenson1961
1112C,001112C-Berenson1961
1113,0001113-Berenson1961
1114,0001114-Berenson1961
1115,0001115-Berenson1961
1116A,001116A-Berenson1961
1117,0001117-Berenson1961
1118,0001118-Berenson1961
1119,0001119-Berenson1961
1120,0001120-Berenson1961
1121,0001121-Berenson1961
1122,0001122-Berenson1961
1123,0001123-Berenson1961
1124,0001124-Berenson1961
1125,0001125-Berenson1961
1126,0001126-Berenson1961
1127,0001127-Berenson1961
1128,0001128-Berenson1961
1128A,001128A-Berenson1961
1129,0001129-Berenson1961
1129A,001129A-Berenson1961
1129B,001129B-Berenson1961
1129C,001129C-Berenson1961
1129D,001129D-Berenson1961
1129E,001129E-Berenson1961
1130,0001130-Berenson1961
1130A,001130A-Berenson1961
1131,0001131-Berenson1961
1132,0001132-Berenson1961
1133,0001133-Berenson1961
1134,0001134-Berenson1961
1135,0001135-Berenson1961
1136,0001136-Berenson1961
1137,0001137-Berenson1961
1137A,001137A-Berenson1961
1137A1,01137A1-Berenson1961
1137B,001137B-Berenson1961
1138,0001138-Berenson1961
1138A,001138A-Berenson1961
1138B,001138B-Berenson1961
1138C,001138C-Berenson1961
1139,0001139-Berenson1961
1140,0001140-Berenson1961
1141,0001141-Berenson1961
1142,0001142-Berenson1961
1143,0001143-Berenson1961
1144,0001144-Berenson1961
1145,0001145-Berenson1961
1146,0001146-Berenson1961
1147,0001147-Berenson1961
1148,0001148-Berenson1961
1149,0001149-Berenson1961
1150,0001150-Berenson1961
1151,0001151-Berenson1961
1152,0001152-Berenson1961
1153,0001153-Berenson1961
1154,0001154-Berenson1961
1155,0001155-Berenson1961
1156,0001156-Berenson1961
1157,0001157-Berenson1961
1158,0001158-Berenson1961
1159,0001159-Berenson1961
1160,0001160-Berenson1961
1161,0001161-Berenson1961
1161A,001161A-Berenson1961
1161B,001161B-Berenson1961
1161C,001161C-Berenson1961
1161D,001161D-Berenson1961
1161E,001161E-Berenson1961
1161F,001161F-Berenson1961
1162,0001162-Berenson1961
1163,0001163-Berenson1961
1163A,001163A-Berenson1961
1164,0001164-Berenson1961
1164A,001164A-Berenson1961
1165,0001165-Berenson1961
1166,0001166-Berenson1961
1166A,001166A-Berenson1961
1167,0001167-Berenson1961
1167A,001167A-Berenson1961
1168,0001168-Berenson1961
1169,0001169-Berenson1961
1169A,001169A-Berenson1961
1169B,001169B-Berenson1961
1169C,001169C-Berenson1961
1170,0001170-Berenson1961
1171,0001171-Berenson1961
1172,0001172-Berenson1961
1173,0001173-Berenson1961
1174,0001174-Berenson1961
1175,0001175-Berenson1961
1176,0001176-Berenson1961
1177,0001177-Berenson1961
1178,0001178-Berenson1961
1179,0001179-Berenson1961
1180,0001180-Berenson1961
1181,0001181-Berenson1961
1182,0001182-Berenson1961
1183,0001183-Berenson1961
1184,0001184-Berenson1961
1185,0001185-Berenson1961
1186,0001186-Berenson1961
1187,0001187-Berenson1961
1187A,001187A-Berenson1961
1188,0001188-Berenson1961
1189,0001189-Berenson1961
1190,0001190-Berenson1961
1191,0001191-Berenson1961
1191A,001191A-Berenson1961
1191B,001191B-Berenson1961
1191C,001191C-Berenson1961
1191D,001191D-Berenson1961
1192,0001192-Berenson1961
1193,0001193-Berenson1961
1193A,001193A-Berenson1961
1194,0001194-Berenson1961
1195,0001195-Berenson1961
1196,0001196-Berenson1961
1197,0001197-Berenson1961
1198,0001198-Berenson1961
1199,0001199-Berenson1961
1200,0001200-Berenson1961
1201,0001201-Berenson1961
1202,0001202-Berenson1961
1202A,001202A-Berenson1961
1203,0001203-Berenson1961
1204,0001204-Berenson1961
1204A,001204A-Berenson1961
1205,0001205-Berenson1961
1208,0001208-Berenson1961
1209,0001209-Berenson1961
1210,0001210-Berenson1961
1211,0001211-Berenson1961
1212,0001212-Berenson1961
1213,0001213-Berenson1961
1214,0001214-Berenson1961
1215,0001215-Berenson1961
1216,0001216-Berenson1961
1217,0001217-Berenson1961
1219,0001219-Berenson1961
1220,0001220-Berenson1961
1220A,001220A-Berenson1961
1221,0001221-Berenson1961
1222,0001222-Berenson1961
1223,0001223-Berenson1961
1233A,001233A-Berenson1961
1224,0001224-Berenson1961
1224A,001224A-Berenson1961
1225,0001225-Berenson1961
1225A,001225A-Berenson1961
1226,0001226-Berenson1961
1227,0001227-Berenson1961
1227A,001227A-Berenson1961
1228,0001228-Berenson1961
1228A,001228A-Berenson1961
1229,0001229-Berenson1961
1230,0001230-Berenson1961
1231,0001231-Berenson1961
1232,0001232-Berenson1961
1232A,001232A-Berenson1961
1233,0001233-Berenson1961
1234,0001234-Berenson1961
1236,0001236-Berenson1961
1237,0001237-Berenson1961
1238,0001238-Berenson1961
1239,0001239-Berenson1961
,0000000-Berenson1961
,0000000-Berenson1961
1251,0001251-Berenson1961
1251A,001251A-Berenson1961
1252,0001252-Berenson1961
,0000000-Berenson1961
1260,0001260-Berenson1961
1260A,001260A-Berenson1961
1261,0001261-Berenson1961
1261A,001261A-Berenson1961
1261B,001261B-Berenson1961
1261D,001261D-Berenson1961
1261E,001261E-Berenson1961
1262,0001262-Berenson1961
1262A,001262A-Berenson1961
1263,0001263-Berenson1961
1263A,001263A-Berenson1961
1264A,001264A-Berenson1961
1265,0001265-Berenson1961
1266,0001266-Berenson1961
1266A,001266A-Berenson1961
1266B,001266B-Berenson1961
1267,0001267-Berenson1961
1268,0001268-Berenson1961
1269,0001269-Berenson1961
1269A,001269A-Berenson1961
1270,0001270-Berenson1961
1271,0001271-Berenson1961
1271B,001271B-Berenson1961
1271C,001271C-Berenson1961
1271D,001271D-Berenson1961
1271E,001271E-Berenson1961
1271F,001271F-Berenson1961
1271G,001271G-Berenson1961
1271H,001271H-Berenson1961
1272A,001272A-Berenson1961
1273,0001273-Berenson1961
1274,0001274-Berenson1961
1274A,001274A-Berenson1961
1274B,001274B-Berenson1961
1275,0001275-Berenson1961
1276,0001276-Berenson1961
1276A,001276A-Berenson1961
1276B,001276B-Berenson1961
1277,0001277-Berenson1961
1277F,001277F-Berenson1961
1278,0001278-Berenson1961
1279,0001279-Berenson1961
1280,0001280-Berenson1961
1281,0001281-Berenson1961
1282,0001282-Berenson1961
1283,0001283-Berenson1961
1284,0001284-Berenson1961
1285,0001285-Berenson1961
1286,0001286-Berenson1961
1287,0001287-Berenson1961
1287A,001287A-Berenson1961
1288,0001288-Berenson1961
1288A,001288A-Berenson1961
1289,0001289-Berenson1961
1290,0001290-Berenson1961
1290A,001290A-Berenson1961
1290B,001290B-Berenson1961
1291,0001291-Berenson1961
1295,0001295-Berenson1961
1296,0001296-Berenson1961
1297,0001297-Berenson1961
1298,0001298-Berenson1961
1299,0001299-Berenson1961
1300,0001300-Berenson1961
1301,0001301-Berenson1961
1302,0001302-Berenson1961
1303,0001303-Berenson1961
1303A,001303A-Berenson1961
1304,0001304-Berenson1961
1305,0001305-Berenson1961
1306,0001306-Berenson1961
1307,0001307-Berenson1961
1308,0001308-Berenson1961
1309,0001309-Berenson1961
1310,0001310-Berenson1961
1311,0001311-Berenson1961
1311A,001311A-Berenson1961
1311B,001311B-Berenson1961
1312,0001312-Berenson1961
1313,0001313-Berenson1961
1313A,001313A-Berenson1961
1313B,001313B-Berenson1961
1314,0001314-Berenson1961
1315,0001315-Berenson1961
1316,0001316-Berenson1961
1317,0001317-Berenson1961
1318,0001318-Berenson1961
1319,0001319-Berenson1961
1320,0001320-Berenson1961
1320A,001320A-Berenson1961
1321,0001321-Berenson1961
1321A,001321A-Berenson1961
1322,0001322-Berenson1961
1323,0001323-Berenson1961
1324,0001324-Berenson1961
1325,0001325-Berenson1961
1326,0001326-Berenson1961
1326A,001326A-Berenson1961
1326B,001326B-Berenson1961
1326C,001326C-Berenson1961
1326D,001326D-Berenson1961
1326E,001326E-Berenson1961
1326F,001326F-Berenson1961
1326G,001326G-Berenson1961
1326H,001326H-Berenson1961
1327,0001327-Berenson1961
1328,0001328-Berenson1961
1329,0001329-Berenson1961
1329A,001329A-Berenson1961
1329B,001329B-Berenson1961
1329C,001329C-Berenson1961
1330,0001330-Berenson1961
1333A,001333A-Berenson1961
1333B,001333B-Berenson1961
1341A,001341A-Berenson1961
1341B,001341B-Berenson1961
1341C,001341C-Berenson1961
1341D,001341D-Berenson1961
1341F,001341F-Berenson1961
1341J,001341J-Berenson1961
1341J1,01341J1-Berenson1961
1342,0001342-Berenson1961
1343,0001343-Berenson1961
1343A,001343A-Berenson1961
1343A1,01343A1-Berenson1961
1344,0001344-Berenson1961
1345,0001345-Berenson1961
1346,0001346-Berenson1961
1347,0001347-Berenson1961
1347A,001347A-Berenson1961
1347B,001347B-Berenson1961
1347C,001347C-Berenson1961
1347D,001347D-Berenson1961
1347E,001347E-Berenson1961
1347F,001347F-Berenson1961
1347G1,01347G1-Berenson1961
1347G2,01347G2-Berenson1961
1350A,001350A-Berenson1961
1350B,001350B-Berenson1961
1351,0001351-Berenson1961
1352,0001352-Berenson1961
1353,0001353-Berenson1961
1353A,001353A-Berenson1961
1353B,001353B-Berenson1961
1353C,001353C-Berenson1961
1353D,001353D-Berenson1961
1353E,001353E-Berenson1961
1353F,001353F-Berenson1961
1353G,001353G-Berenson1961
1353H,001353H-Berenson1961
1353I,001353I-Berenson1961
1354,0001354-Berenson1961
1355,0001355-Berenson1961
1355A,001355A-Berenson1961
1355A,001355A-Berenson1961
1355A,001355A-Berenson1961
1355A,001355A-Berenson1961
1355A,001355A-Berenson1961
1355B1,01355B1-Berenson1961
1355B2,01355B2-Berenson1961
1356,0001356-Berenson1961
1356A,001356A-Berenson1961
1357,0001357-Berenson1961
1358,0001358-Berenson1961
1359,0001359-Berenson1961
1359A,001359A-Berenson1961
1359B,001359B-Berenson1961
1360,0001360-Berenson1961
1361,0001361-Berenson1961
1362,0001362-Berenson1961
1362A,001362A-Berenson1961
1362B,001362B-Berenson1961
1363,0001363-Berenson1961
1363A,001363A-Berenson1961
1363B,001363B-Berenson1961
1364A,001364A-Berenson1961
1365,0001365-Berenson1961
1366,0001366-Berenson1961
1366A,001366A-Berenson1961
1366A1,01366A1-Berenson1961
1366B,001366B-Berenson1961
1366C,001366C-Berenson1961
1366D,001366D-Berenson1961
1366E,001366E-Berenson1961
1366F,001366F-Berenson1961
1366G,001366G-Berenson1961
1366H,001366H-Berenson1961
1366I,001366I-Berenson1961
1366L,001366L-Berenson1961
1368,0001368-Berenson1961
1369,0001369-Berenson1961
1369A,001369A-Berenson1961
1370,0001370-Berenson1961
1371,0001371-Berenson1961
1372,0001372-Berenson1961
1373,0001373-Berenson1961
1374,0001374-Berenson1961
1377,0001377-Berenson1961
1378,0001378-Berenson1961
1382,0001382-Berenson1961
1382A,001382A-Berenson1961
1382B,001382B-Berenson1961
1382C,001382C-Berenson1961
1382D,001382D-Berenson1961
1382E,001382E-Berenson1961
1383A,001383A-Berenson1961
1384A,001384A-Berenson1961
1385,0001385-Berenson1961
1385A,001385A-Berenson1961
1385B,001385B-Berenson1961
1385C,001385C-Berenson1961
1386,0001386-Berenson1961
1387,0001387-Berenson1961
1387A,001387A-Berenson1961
1387B,001387B-Berenson1961
1387C,001387C-Berenson1961
1387C1,01387C1-Berenson1961
1387D,001387D-Berenson1961
1387E,001387E-Berenson1961
1387E1,01387E1-Berenson1961
1387E2,01387E2-Berenson1961
1387F,001387F-Berenson1961
1387G,001387G-Berenson1961
1389,0001389-Berenson1961
1390,0001390-Berenson1961
1390A,001390A-Berenson1961
1391A,001391A-Berenson1961
1391B,001391B-Berenson1961
1391C,001391C-Berenson1961
1391C1,01391C1-Berenson1961
1391D,001391D-Berenson1961
1391D1,01391D1-Berenson1961
1391D2,01391D2-Berenson1961
1391E,001391E-Berenson1961
1391F3,01391F3-Berenson1961
1391G,001391G-Berenson1961
1391H,001391H-Berenson1961
1391I,001391I-Berenson1961
1391J,001391J-Berenson1961
1391K,001391K-Berenson1961
1391K1,01391K1-Berenson1961
1391K2,01391K2-Berenson1961
1391L,001391L-Berenson1961
1391M,001391M-Berenson1961
1392,0001392-Berenson1961
1393,0001393-Berenson1961
1393A,001393A-Berenson1961
1394,0001394-Berenson1961
2370F,002370F-Berenson1961
2371,0002371-Berenson1961
2372,0002372-Berenson1961
2373A,002373A-Berenson1961
2373,0002373-Berenson1961
2374,0002374-Berenson1961
2375A,002375A-Berenson1961
2375,0002375-Berenson1961
2375B,002375B-Berenson1961
2376,0002376-Berenson1961
2376A,002376A-Berenson1961
2377,0002377-Berenson1961
2378,0002378-Berenson1961
2379A,002379A-Berenson1961
2379,0002379-Berenson1961
2380B,002380B-Berenson1961
2380,0002380-Berenson1961
2380A,002380A-Berenson1961
2381A,002381A-Berenson1961
2381B,002381B-Berenson1961
2381,0002381-Berenson1961
2382,0002382-Berenson1961
2385,0002385-Berenson1961
2386A,002386A-Berenson1961
2387A,002387A-Berenson1961
2388,0002388-Berenson1961
2388A,002388A-Berenson1961
2389,0002389-Berenson1961
2389A,002389A-Berenson1961
2391A1,02391A1-Berenson1961
2391A,002391A-Berenson1961
2391B,002391B-Berenson1961
2392A,002392A-Berenson1961
2393D,002393D-Berenson1961
2393C,002393C-Berenson1961
2393B,002393B-Berenson1961
2393A1,02393A1-Berenson1961
2393A,002393A-Berenson1961
2393,0002393-Berenson1961
2398,0002398-Berenson1961
2399,0002399-Berenson1961
2399A,002399A-Berenson1961
2399B,002399B-Berenson1961
2400,0002400-Berenson1961
2401,0002401-Berenson1961
2402,0002402-Berenson1961
2402A,002402A-Berenson1961
2402B,002402B-Berenson1961
2403,0002403-Berenson1961
2404,0002404-Berenson1961
2405,0002405-Berenson1961
2406,0002406-Berenson1961
2407,0002407-Berenson1961
2408,0002408-Berenson1961
2409,0002409-Berenson1961
2410,0002410-Berenson1961
2411,0002411-Berenson1961
2412,0002412-Berenson1961
2413,0002413-Berenson1961
2414,0002414-Berenson1961
2415,0002415-Berenson1961
2416,0002416-Berenson1961
2417,0002417-Berenson1961
2418,0002418-Berenson1961
2419,0002419-Berenson1961
2420,0002420-Berenson1961
2421,0002421-Berenson1961
2422,0002422-Berenson1961
2423,0002423-Berenson1961
2424,0002424-Berenson1961
2425,0002425-Berenson1961
2426,0002426-Berenson1961
2427,0002427-Berenson1961
2428,0002428-Berenson1961
2429,0002429-Berenson1961
2430,0002430-Berenson1961
2430B,002430B-Berenson1961
2430C,002430C-Berenson1961
2430A,002430A-Berenson1961
2431,0002431-Berenson1961
2432,0002432-Berenson1961
2433,0002433-Berenson1961
2433A,002433A-Berenson1961
2434,0002434-Berenson1961
2435,0002435-Berenson1961
2436,0002436-Berenson1961
2437,0002437-Berenson1961
2438,0002438-Berenson1961
2439A,002439A-Berenson1961
2440,0002440-Berenson1961
2441,0002441-Berenson1961
2441A,002441A-Berenson1961
2442,0002442-Berenson1961
2442A,002442A-Berenson1961
2442A1,02442A1-Berenson1961
2442C,002442C-Berenson1961
2443,0002443-Berenson1961
2444B,002444B-Berenson1961
2444A,002444A-Berenson1961
2444,0002444-Berenson1961
2445A,002445A-Berenson1961
2446,0002446-Berenson1961
2446A,002446A-Berenson1961
2447,0002447-Berenson1961
2448A,002448A-Berenson1961
2448D,002448D-Berenson1961
2448C,002448C-Berenson1961
2448B,002448B-Berenson1961
2448E,002448E-Berenson1961
2448F,002448F-Berenson1961
2449,0002449-Berenson1961
2450,0002450-Berenson1961
2450A,002450A-Berenson1961
2450B,002450B-Berenson1961
2451,0002451-Berenson1961
2452,0002452-Berenson1961
2453,0002453-Berenson1961
2454,0002454-Berenson1961
2455A,002455A-Berenson1961
2455,0002455-Berenson1961
2455B,002455B-Berenson1961
2456A,002456A-Berenson1961
2456,0002456-Berenson1961
2457A,002457A-Berenson1961
2457,0002457-Berenson1961
2458E,002458E-Berenson1961
2458E1,02458E1-Berenson1961
2458G,002458G-Berenson1961
2458F,002458F-Berenson1961
2458D4,02458D4-Berenson1961
2458D1,02458D1-Berenson1961
2458,0002458-Berenson1961
2458A,002458A-Berenson1961
2458B,002458B-Berenson1961
2458C,002458C-Berenson1961
2458D,002458D-Berenson1961
2458D2,02458D2-Berenson1961
2458D3,02458D3-Berenson1961
2458E2,02458E2-Berenson1961
2458E3,02458E3-Berenson1961
2458H,002458H-Berenson1961
2459A,002459A-Berenson1961
2459B,002459B-Berenson1961
2459,0002459-Berenson1961
2459C,002459C-Berenson1961
2460,0002460-Berenson1961
2460B,002460B-Berenson1961
2460A,002460A-Berenson1961
2460C,002460C-Berenson1961
2461,0002461-Berenson1961
2462,0002462-Berenson1961
2463,0002463-Berenson1961
2464,0002464-Berenson1961
2465,0002465-Berenson1961
2466,0002466-Berenson1961
2467,0002467-Berenson1961
2468,0002468-Berenson1961
2469,0002469-Berenson1961
,0000000-Berenson1961
2470B,002470B-Berenson1961
2470,0002470-Berenson1961
2470A,002470A-Berenson1961
2471,0002471-Berenson1961
,0000000-Berenson1961
2472A,002472A-Berenson1961
2473,0002473-Berenson1961
2474C,002474C-Berenson1961
2474B,002474B-Berenson1961
2474A,002474A-Berenson1961
2474,0002474-Berenson1961
2474A1,02474A1-Berenson1961
2475,0002475-Berenson1961
2476,0002476-Berenson1961
2476A,002476A-Berenson1961
2477,0002477-Berenson1961
2477A,002477A-Berenson1961
2478A,002478A-Berenson1961
2478,0002478-Berenson1961
2478B,002478B-Berenson1961
2478C,002478C-Berenson1961
2479A,002479A-Berenson1961
2479B,002479B-Berenson1961
2479,0002479-Berenson1961
2480B,002480B-Berenson1961
2480,0002480-Berenson1961
2480A,002480A-Berenson1961
2481,0002481-Berenson1961
2482,0002482-Berenson1961
2483,0002483-Berenson1961
2484,0002484-Berenson1961
2485,0002485-Berenson1961
2486,0002486-Berenson1961
2487,0002487-Berenson1961
2488,0002488-Berenson1961
2488A,002488A-Berenson1961
2490B,002490B-Berenson1961
2490A,002490A-Berenson1961
2490C,002490C-Berenson1961
2491,0002491-Berenson1961
2492,0002492-Berenson1961
2493,0002493-Berenson1961
2494,0002494-Berenson1961
2495,0002495-Berenson1961
2496,0002496-Berenson1961
2496A,002496A-Berenson1961
2497,0002497-Berenson1961
2497A,002497A-Berenson1961
2497D,002497D-Berenson1961
2497B,002497B-Berenson1961
2497C,002497C-Berenson1961
2499A,002499A-Berenson1961
2499,0002499-Berenson1961
2500A,002500A-Berenson1961
2500B,002500B-Berenson1961
,0000000-Berenson1961
2501A,002501A-Berenson1961
2502,0002502-Berenson1961
2503A,002503A-Berenson1961
2503,0002503-Berenson1961
2504,0002504-Berenson1961
2505,0002505-Berenson1961
2505B,002505B-Berenson1961
2505A,002505A-Berenson1961
2506C,002506C-Berenson1961
2506A,002506A-Berenson1961
2506D,002506D-Berenson1961
2506F,002506F-Berenson1961
2506,0002506-Berenson1961
2506E,002506E-Berenson1961
2507,0002507-Berenson1961
2508,0002508-Berenson1961
2509B2,02509B2-Berenson1961
2509E6,02509E6-Berenson1961
2509H,002509H-Berenson1961
2509B1,02509B1-Berenson1961
2509E8,02509E8-Berenson1961
2509P,002509P-Berenson1961
2509N1,02509N1-Berenson1961
2509Q,002509Q-Berenson1961
2509H6,02509H6-Berenson1961
2509D10,2509D10-Berenson1961
2509N,002509N-Berenson1961
2509G,002509G-Berenson1961
2509H5,02509H5-Berenson1961
2509I,002509I-Berenson1961
2509H2,02509H2-Berenson1961
2509E64,2509E64-Berenson1961
2509E5,02509E5-Berenson1961
2509A2,02509A2-Berenson1961
2509M,002509M-Berenson1961
2509E10,2509E10-Berenson1961
2509D7,02509D7-Berenson1961
2509E3,02509E3-Berenson1961
2509D2,02509D2-Berenson1961
2509H10,2509H10-Berenson1961
2509H12,2509H12-Berenson1961
2509D,002509D-Berenson1961
2509K,002509K-Berenson1961
2509N2,02509N2-Berenson1961
2509J,002509J-Berenson1961
2509E62,2509E62-Berenson1961
2509A,002509A-Berenson1961
2509D9,02509D9-Berenson1961
2509D8,02509D8-Berenson1961
2509D15,2509D15-Berenson1961
2509H3,02509H3-Berenson1961
2509E63,2509E63-Berenson1961
2509E,002509E-Berenson1961
2509H4,02509H4-Berenson1961
2509B,002509B-Berenson1961
2509E9,02509E9-Berenson1961
2509O,002509O-Berenson1961
2509H9,02509H9-Berenson1961
2509A3,02509A3-Berenson1961
2509C,002509C-Berenson1961
2509G,002509G-Berenson1961
2509H7,02509H7-Berenson1961
2509L,002509L-Berenson1961
2509E14,2509E14-Berenson1961
2509N4,02509N4-Berenson1961
2509E1,02509E1-Berenson1961
2509N3,02509N3-Berenson1961
2509D5,02509D5-Berenson1961
2509A1,02509A1-Berenson1961
2509E2,02509E2-Berenson1961
2509D1,02509D1-Berenson1961
2509D11,2509D11-Berenson1961
2509T1,02509T1-Berenson1961
2509H1,02509H1-Berenson1961
2509D3,02509D3-Berenson1961
2509E61,2509E61-Berenson1961
2509D6,02509D6-Berenson1961
2509H8,02509H8-Berenson1961
2509D4,02509D4-Berenson1961
2509B6,02509B6-Berenson1961
2509F,002509F-Berenson1961
2509E11,2509E11-Berenson1961
2509E13,2509E13-Berenson1961
2509D12,2509D12-Berenson1961
2509J1,02509J1-Berenson1961
2509H91,2509H91-Berenson1961
2509E12,2509E12-Berenson1961
2509N5,02509N5-Berenson1961
2509,0002509-Berenson1961
2509E4,02509E4-Berenson1961
2509R,002509R-Berenson1961
2509S,002509S-Berenson1961
2509T,002509T-Berenson1961
2509U,002509U-Berenson1961
2510C,002510C-Berenson1961
2510E,002510E-Berenson1961
2510I,002510I-Berenson1961
2510D,002510D-Berenson1961
2510,0002510-Berenson1961
2510A,002510A-Berenson1961
2510B,002510B-Berenson1961
2510F,002510F-Berenson1961
2510G,002510G-Berenson1961
2510H,002510H-Berenson1961
2511,0002511-Berenson1961
2512,0002512-Berenson1961
2514,0002514-Berenson1961
2514A,002514A-Berenson1961
2519,0002519-Berenson1961
2521,0002521-Berenson1961
2522,0002522-Berenson1961
2523,0002523-Berenson1961
2524,0002524-Berenson1961
2525,0002525-Berenson1961
2526,0002526-Berenson1961
2527,0002527-Berenson1961
2527A,002527A-Berenson1961
2529,0002529-Berenson1961
2530,0002530-Berenson1961
2531,0002531-Berenson1961
2532,0002532-Berenson1961
2533,0002533-Berenson1961
2534,0002534-Berenson1961
2535,0002535-Berenson1961
2536,0002536-Berenson1961
2539,0002539-Berenson1961
2540,0002540-Berenson1961
2541A,002541A-Berenson1961
2541,0002541-Berenson1961
2542,0002542-Berenson1961
2543A,002543A-Berenson1961
2543,0002543-Berenson1961
2544,0002544-Berenson1961
2545A,002545A-Berenson1961
2545,0002545-Berenson1961
2545B,002545B-Berenson1961
2545C,002545C-Berenson1961
2547,0002547-Berenson1961
2548,0002548-Berenson1961
2548A,002548A-Berenson1961
2549,0002549-Berenson1961
2550,0002550-Berenson1961
2551,0002551-Berenson1961
2551A,002551A-Berenson1961
2552,0002552-Berenson1961
2553,0002553-Berenson1961
2554,0002554-Berenson1961
2555,0002555-Berenson1961
2556,0002556-Berenson1961
2556A,002556A-Berenson1961
2557,0002557-Berenson1961
2558,0002558-Berenson1961
2559,0002559-Berenson1961
2560,0002560-Berenson1961
2561,0002561-Berenson1961
2562,0002562-Berenson1961
2563,0002563-Berenson1961
2564A,002564A-Berenson1961
2564B,002564B-Berenson1961
2564,0002564-Berenson1961
2565,0002565-Berenson1961
2566,0002566-Berenson1961
2567,0002567-Berenson1961
2568,0002568-Berenson1961
2569,0002569-Berenson1961
2570,0002570-Berenson1961
2571,0002571-Berenson1961
2572,0002572-Berenson1961
2573,0002573-Berenson1961
2574,0002574-Berenson1961
2575,0002575-Berenson1961
2576,0002576-Berenson1961
2577,0002577-Berenson1961
2578,0002578-Berenson1961
2579,0002579-Berenson1961
2580,0002580-Berenson1961
2581,0002581-Berenson1961
2582,0002582-Berenson1961
2583,0002583-Berenson1961
2584,0002584-Berenson1961
2585,0002585-Berenson1961
2586,0002586-Berenson1961
2587,0002587-Berenson1961
2588,0002588-Berenson1961
2589,0002589-Berenson1961
2590,0002590-Berenson1961
2591,0002591-Berenson1961
2592,0002592-Berenson1961
2593,0002593-Berenson1961
2594,0002594-Berenson1961
2595,0002595-Berenson1961
2596,0002596-Berenson1961
2596A,002596A-Berenson1961
2597,0002597-Berenson1961
2598,0002598-Berenson1961
2599,0002599-Berenson1961
2600,0002600-Berenson1961
2601,0002601-Berenson1961
2602,0002602-Berenson1961
2603,0002603-Berenson1961
2604,0002604-Berenson1961
2605,0002605-Berenson1961
2606,0002606-Berenson1961
2607,0002607-Berenson1961
2608,0002608-Berenson1961
2609,0002609-Berenson1961
2610,0002610-Berenson1961
2611,0002611-Berenson1961
2612,0002612-Berenson1961
2613,0002613-Berenson1961
2614,0002614-Berenson1961
2615,0002615-Berenson1961
2616,0002616-Berenson1961
2617,0002617-Berenson1961
2618,0002618-Berenson1961
2619,0002619-Berenson1961
2620,0002620-Berenson1961
2621,0002621-Berenson1961
2622,0002622-Berenson1961
2623,0002623-Berenson1961
2624,0002624-Berenson1961
2625,0002625-Berenson1961
2626,0002626-Berenson1961
2627,0002627-Berenson1961
2628,0002628-Berenson1961
2629,0002629-Berenson1961
2630,0002630-Berenson1961
2631,0002631-Berenson1961
2632,0002632-Berenson1961
2633,0002633-Berenson1961
2634,0002634-Berenson1961
2635,0002635-Berenson1961
2636,0002636-Berenson1961
2637,0002637-Berenson1961
2638,0002638-Berenson1961
2639,0002639-Berenson1961
2640,0002640-Berenson1961
2641,0002641-Berenson1961
2642,0002642-Berenson1961
2643,0002643-Berenson1961
2644,0002644-Berenson1961
2645,0002645-Berenson1961
2646,0002646-Berenson1961
2647,0002647-Berenson1961
2648,0002648-Berenson1961
2649,0002649-Berenson1961
2650,0002650-Berenson1961
2651,0002651-Berenson1961
2652,0002652-Berenson1961
2653,0002653-Berenson1961
2654,0002654-Berenson1961
2655,0002655-Berenson1961
2656,0002656-Berenson1961
2657,0002657-Berenson1961
2658,0002658-Berenson1961
2659,0002659-Berenson1961
2660,0002660-Berenson1961
2661,0002661-Berenson1961
2662,0002662-Berenson1961
2663,0002663-Berenson1961
2664,0002664-Berenson1961
2665,0002665-Berenson1961
2666,0002666-Berenson1961
2667,0002667-Berenson1961
2668,0002668-Berenson1961
2669,0002669-Berenson1961
2670,0002670-Berenson1961
2671,0002671-Berenson1961
2672,0002672-Berenson1961
2673,0002673-Berenson1961
2674,0002674-Berenson1961
2675,0002675-Berenson1961
2676,0002676-Berenson1961
2677,0002677-Berenson1961
2678,0002678-Berenson1961
2679,0002679-Berenson1961
2680,0002680-Berenson1961
2681,0002681-Berenson1961
2682,0002682-Berenson1961
2683,0002683-Berenson1961
2684,0002684-Berenson1961
2685,0002685-Berenson1961
2686,0002686-Berenson1961
2687,0002687-Berenson1961
2688,0002688-Berenson1961
2689,0002689-Berenson1961
2690,0002690-Berenson1961
2691,0002691-Berenson1961
2692,0002692-Berenson1961
2693,0002693-Berenson1961
2694,0002694-Berenson1961
2695,0002695-Berenson1961
2696,0002696-Berenson1961
2697,0002697-Berenson1961
2698,0002698-Berenson1961
2699,0002699-Berenson1961
2700,0002700-Berenson1961
2701,0002701-Berenson1961
2702,0002702-Berenson1961
2703,0002703-Berenson1961
2704,0002704-Berenson1961
2705,0002705-Berenson1961
2706,0002706-Berenson1961
2707,0002707-Berenson1961
2708,0002708-Berenson1961
2709,0002709-Berenson1961
2710,0002710-Berenson1961
2711,0002711-Berenson1961
2712,0002712-Berenson1961
2713,0002713-Berenson1961
2714,0002714-Berenson1961
2715,0002715-Berenson1961
2716,0002716-Berenson1961
2717,0002717-Berenson1961
2718,0002718-Berenson1961
2719,0002719-Berenson1961
2720,0002720-Berenson1961
2721,0002721-Berenson1961
2722,0002722-Berenson1961
2723A,002723A-Berenson1961
2723,0002723-Berenson1961
2723B,002723B-Berenson1961
2723C,002723C-Berenson1961
2723D,002723D-Berenson1961
2724,0002724-Berenson1961
2725,0002725-Berenson1961
2726,0002726-Berenson1961
2726A,002726A-Berenson1961
2727,0002727-Berenson1961
2728,0002728-Berenson1961
2729,0002729-Berenson1961
2730,0002730-Berenson1961
2731,0002731-Berenson1961
2731A,002731A-Berenson1961
2732,0002732-Berenson1961
2733,0002733-Berenson1961
2734,0002734-Berenson1961
2735,0002735-Berenson1961
2735A,002735A-Berenson1961
2736,0002736-Berenson1961
2737,0002737-Berenson1961
2737A,002737A-Berenson1961
2738,0002738-Berenson1961
2739E,002739E-Berenson1961
2739B,002739B-Berenson1961
2739A,002739A-Berenson1961
2739C,002739C-Berenson1961
2739D,002739D-Berenson1961
2740,0002740-Berenson1961
2740A,002740A-Berenson1961
2740B,002740B-Berenson1961
2740C,002740C-Berenson1961
2741,0002741-Berenson1961
2742,0002742-Berenson1961
2743,0002743-Berenson1961
2744,0002744-Berenson1961
2745,0002745-Berenson1961
2746,0002746-Berenson1961
2747,0002747-Berenson1961
2747A,002747A-Berenson1961
2748,0002748-Berenson1961
2749,0002749-Berenson1961
2750B,002750B-Berenson1961
2750,0002750-Berenson1961
2750A,002750A-Berenson1961
2751,0002751-Berenson1961
2751A,002751A-Berenson1961
2751B,002751B-Berenson1961
2752,0002752-Berenson1961
2753,0002753-Berenson1961
2754G,002754G-Berenson1961
2754F,002754F-Berenson1961
2754B1,02754B1-Berenson1961
2754,0002754-Berenson1961
2754A1,02754A1-Berenson1961
2754A2,02754A2-Berenson1961
2754B2,02754B2-Berenson1961
2754D,002754D-Berenson1961
2754E,002754E-Berenson1961
2754H,002754H-Berenson1961
2754I,002754I-Berenson1961
2754J,002754J-Berenson1961
2754K,002754K-Berenson1961
2754L,002754L-Berenson1961
2754M,002754M-Berenson1961
2754N,002754N-Berenson1961
2754O,002754O-Berenson1961
2755,0002755-Berenson1961
2755C,002755C-Berenson1961
2755A,002755A-Berenson1961
2755B,002755B-Berenson1961
2755D,002755D-Berenson1961
2756P,002756P-Berenson1961
2756A1,02756A1-Berenson1961
2756D,002756D-Berenson1961
2756I,002756I-Berenson1961
2756O,002756O-Berenson1961
2756G,002756G-Berenson1961
2756L1,02756L1-Berenson1961
2756A,002756A-Berenson1961
2756B,002756B-Berenson1961
2756C,002756C-Berenson1961
2756E,002756E-Berenson1961
2756F,002756F-Berenson1961
2756H,002756H-Berenson1961
2756H1,02756H1-Berenson1961
2756H2,02756H2-Berenson1961
2756H3,02756H3-Berenson1961
2756H4,02756H4-Berenson1961
2756J,002756J-Berenson1961
2756K,002756K-Berenson1961
2756L,002756L-Berenson1961
2756M,002756M-Berenson1961
2756M1,02756M1-Berenson1961
2756N,002756N-Berenson1961
2756O1,02756O1-Berenson1961
2757,0002757-Berenson1961
2757A,002757A-Berenson1961
2758,0002758-Berenson1961
2759,0002759-Berenson1961
2760A,002760A-Berenson1961
2760,0002760-Berenson1961
2761,0002761-Berenson1961
2762,0002762-Berenson1961
2762B,002762B-Berenson1961
2762A,002762A-Berenson1961
2763,0002763-Berenson1961
2763A,002763A-Berenson1961
2764B,002764B-Berenson1961
2764D,002764D-Berenson1961
2764A1,02764A1-Berenson1961
2764C,002764C-Berenson1961
2764A,002764A-Berenson1961
2764,0002764-Berenson1961
2766,0002766-Berenson1961
2767,0002767-Berenson1961
2768,0002768-Berenson1961
2769,0002769-Berenson1961
2770,0002770-Berenson1961
2771,0002771-Berenson1961
2772,0002772-Berenson1961
2773,0002773-Berenson1961
2774,0002774-Berenson1961
2775,0002775-Berenson1961
2776,0002776-Berenson1961
2777,0002777-Berenson1961
2778B,002778B-Berenson1961
2778C,002778C-Berenson1961
2778A,002778A-Berenson1961
2778,0002778-Berenson1961
2779G,002779G-Berenson1961
2779K,002779K-Berenson1961
2779H,002779H-Berenson1961
2779D,002779D-Berenson1961
2779E,002779E-Berenson1961
2779F,002779F-Berenson1961
2779C,002779C-Berenson1961
2779D1,02779D1-Berenson1961
2779I,002779I-Berenson1961
2779J,002779J-Berenson1961
2780E,002780E-Berenson1961
2780,0002780-Berenson1961
2780C,002780C-Berenson1961
2780D,002780D-Berenson1961
2780A,002780A-Berenson1961
2780B,002780B-Berenson1961
2781,0002781-Berenson1961
2782A,002782A-Berenson1961
2782,0002782-Berenson1961
2783,0002783-Berenson1961
2783A,002783A-Berenson1961
2787A,002787A-Berenson1961
2787,0002787-Berenson1961
2789,0002789-Berenson1961
2794,0002794-Berenson1961
2795,0002795-Berenson1961
2796,0002796-Berenson1961
2798,0002798-Berenson1961
2799A,002799A-Berenson1961
2801A,002801A-Berenson1961
,0000000-Berenson1961
